{
  "project_info": {
    "project_number": "173919185754",
    "firebase_url": "https://fondos-de-pantalla-94375-default-rtdb.firebaseio.com",
    "project_id": "fondos-de-pantalla-94375",
    "storage_bucket": "fondos-de-pantalla-94375.appspot.com"
  },
  "client": [
    {
      "client_info": {
        "mobilesdk_app_id": "1:173919185754:android:b308601aacc85809d3a163",
        "android_client_info": {
          "package_name": "com.example.fondodepantalla"
        }
      },
      "oauth_client": [
        {
          "client_id": "173919185754-5ahrqhrqacjt7f3n243i7o99pak9lo0t.apps.googleusercontent.com",
          "client_type": 1,
          "android_info": {
            "package_name": "com.example.fondodepantalla",
            "certificate_hash": "38bfa4da1dd9be841d0d2f8a56fdba93c80d27f9"
          }
        },
        {
          "client_id": "173919185754-oovn1dvtmd8e3qujjce1o70vtf83uskt.apps.googleusercontent.com",
          "client_type": 1,
          "android_info": {
            "package_name": "com.example.fondodepantalla",
            "certificate_hash": "232c656898184d436e2594630928909599823b78"
          }
        },
        {
          "client_id": "173919185754-3jjlqn7nncamjvie3m4lgilgo059r3q5.apps.googleusercontent.com",
          "client_type": 3
        }
      ],
      "api_key": [
        {
          "current_key": "AIzaSyDITtzJdAYjJp7mfY2LAIIGr3zRqnqBfW0"
        }
      ],
      "services": {
        "appinvite_service": {
          "other_platform_oauth_client": [
            {
              "client_id": "173919185754-3jjlqn7nncamjvie3m4lgilgo059r3q5.apps.googleusercontent.com",
              "client_type": 3
            }
          ]
        }
      }
    }
  ],
  "configuration_version": "1"
}