{"v":"5.7.4","fr":60,"ip":0,"op":780,"w":70,"h":70,"nm":"Icon 4","ddd":0,"assets":[{"id":"comp_0","layers":[{"ddd":0,"ind":1,"ty":4,"nm":"Layer 8","sr":1,"ks":{"o":{"a":0,"k":100,"ix":11},"r":{"a":0,"k":0,"ix":10},"p":{"a":1,"k":[{"i":{"x":0.179,"y":1},"o":{"x":0.511,"y":0},"t":148,"s":[64.404,57.166,0],"to":[-6.417,0,0],"ti":[6.417,0,0]},{"t":210.185546875,"s":[25.904,57.166,0]}],"ix":2,"l":2},"a":{"a":0,"k":[0,0,0],"ix":1,"l":2},"s":{"a":0,"k":[100,100,100],"ix":6,"l":2}},"ao":0,"shapes":[{"ty":"gr","it":[{"ind":0,"ty":"sh","ix":1,"ks":{"a":0,"k":{"i":[[0,0],[0,0],[0,0]],"o":[[0,0],[0,0],[0,0]],"v":[[-1.58,-2.295],[-1.2,2.295],[1.58,-0.315]],"c":true},"ix":2},"nm":"Path 1","mn":"ADBE Vector Shape - Group","hd":false},{"ty":"fl","c":{"a":0,"k":[1,1,1,1],"ix":4},"o":{"a":0,"k":100,"ix":5},"r":1,"bm":0,"nm":"Fill 1","mn":"ADBE Vector Graphic - Fill","hd":false},{"ty":"tr","p":{"a":0,"k":[0,0],"ix":2},"a":{"a":0,"k":[0,0],"ix":1},"s":{"a":0,"k":[100,100],"ix":3},"r":{"a":0,"k":0,"ix":6},"o":{"a":0,"k":100,"ix":7},"sk":{"a":0,"k":0,"ix":4},"sa":{"a":0,"k":0,"ix":5},"nm":"Transform"}],"nm":"Group 1","np":2,"cix":2,"bm":0,"ix":1,"mn":"ADBE Vector Group","hd":false}],"ip":0,"op":1800,"st":0,"bm":0},{"ddd":0,"ind":2,"ty":4,"nm":"Layer 7","sr":1,"ks":{"o":{"a":0,"k":100,"ix":11},"r":{"a":0,"k":0,"ix":10},"p":{"a":1,"k":[{"i":{"x":0.179,"y":1},"o":{"x":0.511,"y":0},"t":148,"s":[69.384,57.151,0],"to":[-6.417,0,0],"ti":[6.417,0,0]},{"t":210.185546875,"s":[30.884,57.151,0]}],"ix":2,"l":2},"a":{"a":0,"k":[0,0,0],"ix":1,"l":2},"s":{"a":0,"k":[100,100,100],"ix":6,"l":2}},"ao":0,"shapes":[{"ty":"gr","it":[{"ind":0,"ty":"sh","ix":1,"ks":{"a":0,"k":{"i":[[0,0],[0,0],[0,0]],"o":[[0,0],[0,0],[0,0]],"v":[[-1.59,-0.31],[1.24,2.31],[1.59,-2.31]],"c":true},"ix":2},"nm":"Path 1","mn":"ADBE Vector Shape - Group","hd":false},{"ty":"fl","c":{"a":0,"k":[1,1,1,1],"ix":4},"o":{"a":0,"k":100,"ix":5},"r":1,"bm":0,"nm":"Fill 1","mn":"ADBE Vector Graphic - Fill","hd":false},{"ty":"tr","p":{"a":0,"k":[0,0],"ix":2},"a":{"a":0,"k":[0,0],"ix":1},"s":{"a":0,"k":[100,100],"ix":3},"r":{"a":0,"k":0,"ix":6},"o":{"a":0,"k":100,"ix":7},"sk":{"a":0,"k":0,"ix":4},"sa":{"a":0,"k":0,"ix":5},"nm":"Transform"}],"nm":"Group 1","np":2,"cix":2,"bm":0,"ix":1,"mn":"ADBE Vector Group","hd":false}],"ip":0,"op":1800,"st":0,"bm":0},{"ddd":0,"ind":3,"ty":4,"nm":"Layer 6","sr":1,"ks":{"o":{"a":0,"k":100,"ix":11},"r":{"a":1,"k":[{"i":{"x":[0.667],"y":[1]},"o":{"x":[0.333],"y":[0]},"t":205,"s":[0]},{"t":218,"s":[-5]}],"ix":10},"p":{"a":1,"k":[{"i":{"x":0.638,"y":0.573},"o":{"x":0.697,"y":0},"t":148,"s":[66.479,46.67,0],"to":[-4.419,0,0],"ti":[10.104,0,0]},{"i":{"x":0.522,"y":0.906},"o":{"x":0.217,"y":0.637},"t":178,"s":[39.783,46.67,0],"to":[-4.146,0,0],"ti":[2.326,0,0]},{"t":210,"s":[28.362,46.67,0]}],"ix":2,"l":2},"a":{"a":0,"k":[3033.104,797.67,0],"ix":1,"l":2},"s":{"a":0,"k":[100,100,100],"ix":6,"l":2}},"ao":0,"shapes":[{"ty":"gr","it":[{"ind":0,"ty":"sh","ix":1,"ks":{"a":0,"k":{"i":[[0,0],[0,0],[0,0],[0,0],[0,0],[0,0]],"o":[[0,0],[0,0],[0,0],[0,0],[0,0],[0,0]],"v":[[4.805,1.915],[4.795,1.915],[-4.795,2.845],[-4.805,2.845],[-4.805,-2.215],[4.435,-2.845]],"c":true},"ix":2},"nm":"Path 1","mn":"ADBE Vector Shape - Group","hd":false},{"ty":"fl","c":{"a":0,"k":[0.129411771894,0.443137258291,0.709803938866,1],"ix":4},"o":{"a":0,"k":100,"ix":5},"r":1,"bm":0,"nm":"Fill 1","mn":"ADBE Vector Graphic - Fill","hd":false},{"ty":"tr","p":{"a":0,"k":[3033.104,794.083],"ix":2},"a":{"a":0,"k":[0,0],"ix":1},"s":{"a":0,"k":[100,100],"ix":3},"r":{"a":0,"k":0,"ix":6},"o":{"a":0,"k":100,"ix":7},"sk":{"a":0,"k":0,"ix":4},"sa":{"a":0,"k":0,"ix":5},"nm":"Transform"}],"nm":"Group 1","np":2,"cix":2,"bm":0,"ix":1,"mn":"ADBE Vector Group","hd":false},{"ty":"gr","it":[{"ind":0,"ty":"sh","ix":1,"ks":{"a":0,"k":{"i":[[0,0],[0,0],[0,0],[0,0]],"o":[[0,0],[0,0],[0,0],[0,0]],"v":[[-8.036,1.323],[-8.136,0.327],[8.034,-1.323],[8.136,-0.327]],"c":true},"ix":2},"nm":"Path 1","mn":"ADBE Vector Shape - Group","hd":false},{"ty":"fl","c":{"a":0,"k":[0.129411771894,0.443137258291,0.709803938866,1],"ix":4},"o":{"a":0,"k":100,"ix":5},"r":1,"bm":0,"nm":"Fill 1","mn":"ADBE Vector Graphic - Fill","hd":false},{"ty":"tr","p":{"a":0,"k":[3033.104,797.736],"ix":2},"a":{"a":0,"k":[0,0],"ix":1},"s":{"a":0,"k":[100,100],"ix":3},"r":{"a":0,"k":0,"ix":6},"o":{"a":0,"k":100,"ix":7},"sk":{"a":0,"k":0,"ix":4},"sa":{"a":0,"k":0,"ix":5},"nm":"Transform"}],"nm":"Group 2","np":2,"cix":2,"bm":0,"ix":2,"mn":"ADBE Vector Group","hd":false},{"ty":"gr","it":[{"ind":0,"ty":"sh","ix":1,"ks":{"a":0,"k":{"i":[[0,-0.59],[2.9,0],[0,2.89],[-0.03,0.21],[0,0]],"o":[[0,2.89],[-2.89,0],[0,-0.21],[0,0],[0.18,0.52]],"v":[[5.245,-1.785],[-0.005,3.455],[-5.245,-1.785],[-5.205,-2.415],[4.965,-3.455]],"c":true},"ix":2},"nm":"Path 1","mn":"ADBE Vector Shape - Group","hd":false},{"ty":"fl","c":{"a":0,"k":[0.129411771894,0.443137258291,0.709803938866,1],"ix":4},"o":{"a":0,"k":100,"ix":5},"r":1,"bm":0,"nm":"Fill 1","mn":"ADBE Vector Graphic - Fill","hd":false},{"ty":"tr","p":{"a":0,"k":[3033.494,800.646],"ix":2},"a":{"a":0,"k":[0,0],"ix":1},"s":{"a":0,"k":[100,100],"ix":3},"r":{"a":0,"k":0,"ix":6},"o":{"a":0,"k":100,"ix":7},"sk":{"a":0,"k":0,"ix":4},"sa":{"a":0,"k":0,"ix":5},"nm":"Transform"}],"nm":"Group 3","np":2,"cix":2,"bm":0,"ix":3,"mn":"ADBE Vector Group","hd":false}],"ip":0,"op":1800,"st":0,"bm":0},{"ddd":0,"ind":4,"ty":4,"nm":"Layer 4","sr":1,"ks":{"o":{"a":0,"k":100,"ix":11},"r":{"a":0,"k":0,"ix":10},"p":{"a":1,"k":[{"i":{"x":0.179,"y":1},"o":{"x":0.511,"y":0},"t":148,"s":[66.869,60.666,0],"to":[-6.417,0,0],"ti":[6.417,0,0]},{"t":210.185546875,"s":[28.369,60.666,0]}],"ix":2,"l":2},"a":{"a":0,"k":[0,0,0],"ix":1,"l":2},"s":{"a":0,"k":[100,100,100],"ix":6,"l":2}},"ao":0,"shapes":[{"ty":"gr","it":[{"ind":0,"ty":"sh","ix":1,"ks":{"a":1,"k":[{"i":{"x":0.667,"y":1},"o":{"x":0.333,"y":0},"t":148,"s":[{"i":[[0,0],[-1.41,-1.41],[-0.24,-2.07],[0,0],[0,0],[0,0],[-1.42,1.42],[-2.01,0],[0,0],[0,0],[-0.6,0.13]],"o":[[1.99,0],[1.42,1.42],[0,0],[0,0],[0,0],[0.27,-2.14],[1.42,-1.42],[0,0],[0,0],[0.6,0.12],[0,0]],"v":[[4.105,-5.825],[8.955,-4.235],[11.285,2.405],[11.645,5.825],[-11.645,5.825],[-11.455,2.905],[-9.005,-3.995],[-4.075,-5.825],[-4.045,-5.795],[-0.885,-3.815],[0.925,-3.825]],"c":true}]},{"i":{"x":0.667,"y":1},"o":{"x":0.333,"y":0},"t":178,"s":[{"i":[[0,0],[-1.41,-1.41],[-0.24,-2.07],[0,0],[0,0],[0,0],[-1.42,1.42],[-2.01,0],[0,0],[0,0],[-0.6,0.13]],"o":[[1.99,0],[1.42,1.42],[0,0],[0,0],[0,0],[0.27,-2.14],[1.42,-1.42],[0,0],[0,0],[0.6,0.12],[0,0]],"v":[[4.605,-5.762],[8.955,-4.235],[11.285,2.405],[11.645,5.825],[-11.645,5.825],[-11.455,2.905],[-9.005,-3.995],[-3.575,-5.762],[-4.045,-5.795],[-0.385,-3.753],[1.425,-3.762]],"c":true}]},{"t":210,"s":[{"i":[[0,0],[-1.41,-1.41],[-0.24,-2.07],[0,0],[0,0],[0,0],[-1.42,1.42],[-2.01,0],[0,0],[0,0],[-0.6,0.13]],"o":[[1.99,0],[1.42,1.42],[0,0],[0,0],[0,0],[0.27,-2.14],[1.42,-1.42],[0,0],[0,0],[0.6,0.12],[0,0]],"v":[[4.105,-5.825],[8.955,-4.235],[11.285,2.405],[11.645,5.825],[-11.645,5.825],[-11.455,2.905],[-9.005,-3.995],[-4.075,-5.825],[-4.045,-5.795],[-0.885,-3.815],[0.925,-3.825]],"c":true}]}],"ix":2},"nm":"Path 1","mn":"ADBE Vector Shape - Group","hd":false},{"ty":"fl","c":{"a":0,"k":[0.129411771894,0.443137258291,0.709803938866,1],"ix":4},"o":{"a":0,"k":100,"ix":5},"r":1,"bm":0,"nm":"Fill 1","mn":"ADBE Vector Graphic - Fill","hd":false},{"ty":"tr","p":{"a":0,"k":[0,0],"ix":2},"a":{"a":0,"k":[0,0],"ix":1},"s":{"a":0,"k":[100,100],"ix":3},"r":{"a":0,"k":0,"ix":6},"o":{"a":0,"k":100,"ix":7},"sk":{"a":0,"k":0,"ix":4},"sa":{"a":0,"k":0,"ix":5},"nm":"Transform"}],"nm":"Group 1","np":2,"cix":2,"bm":0,"ix":1,"mn":"ADBE Vector Group","hd":false}],"ip":0,"op":1800,"st":0,"bm":0}]},{"id":"comp_1","layers":[{"ddd":0,"ind":1,"ty":4,"nm":"Layer 6","sr":1,"ks":{"o":{"a":0,"k":100,"ix":11},"r":{"a":0,"k":0,"ix":10},"p":{"a":0,"k":[55.344,52.659,0],"ix":2,"l":2},"a":{"a":0,"k":[3070.594,777.909,0],"ix":1,"l":2},"s":{"a":0,"k":[100,100,100],"ix":6,"l":2}},"ao":0,"shapes":[{"ty":"gr","it":[{"ind":0,"ty":"sh","ix":1,"ks":{"a":0,"k":{"i":[[0,0],[0.58,-2.462]],"o":[[0,0],[-0.857,3.635]],"v":[[-0.485,-2.462],[0.345,2.462]],"c":false},"ix":2},"nm":"Path 1","mn":"ADBE Vector Shape - Group","hd":false},{"ty":"st","c":{"a":0,"k":[0.129411771894,0.443137258291,0.709803938866,1],"ix":3},"o":{"a":0,"k":100,"ix":4},"w":{"a":0,"k":0.5,"ix":5},"lc":1,"lj":1,"ml":10,"bm":0,"nm":"Stroke 1","mn":"ADBE Vector Graphic - Stroke","hd":false},{"ty":"tr","p":{"a":0,"k":[3070.754,779.376],"ix":2},"a":{"a":0,"k":[0,0],"ix":1},"s":{"a":0,"k":[100,100],"ix":3},"r":{"a":0,"k":0,"ix":6},"o":{"a":0,"k":100,"ix":7},"sk":{"a":0,"k":0,"ix":4},"sa":{"a":0,"k":0,"ix":5},"nm":"Transform"}],"nm":"Group 1","np":2,"cix":2,"bm":0,"ix":1,"mn":"ADBE Vector Group","hd":false},{"ty":"gr","it":[{"ind":0,"ty":"sh","ix":1,"ks":{"a":1,"k":[{"i":{"x":0.383,"y":1},"o":{"x":0.618,"y":0},"t":266,"s":[{"i":[[0,0],[0,0],[0,0],[-0.452,1.322],[-2.998,1.239],[0,0],[-0.39,-0.655],[0,0],[0,0],[-0.01,0.831],[0,0],[-1.42,-1.42],[0,-2.008]],"o":[[0,0],[0,0],[0,-1.397],[1.508,-4.409],[0,0],[0.074,0.759],[0,0],[0,0],[0.392,-0.733],[0,0],[1.809,0.657],[1.42,1.42],[0,0]],"v":[[11.647,5.823],[-11.647,5.823],[-11.647,3.277],[-10.996,-0.847],[-4.076,-5.823],[-3.971,-4.747],[-3.266,-2.601],[0.418,3.577],[3.448,-2.082],[4.06,-4.462],[4.076,-5.823],[9.429,-3.606],[11.647,1.747]],"c":true}]},{"i":{"x":0.37,"y":1},"o":{"x":0.631,"y":0},"t":294.111,"s":[{"i":[[0,0],[0,0],[0,0],[-0.667,1.227],[-2.083,0.934],[0,0],[-0.39,-0.655],[0,0],[0,0],[-0.01,0.831],[0,0],[-1.42,-1.42],[-0.616,-1.781]],"o":[[0,0],[0,0],[0,-1.397],[2.594,-4.771],[0,0],[0.074,0.759],[0,0],[0,0],[0.392,-0.733],[0,0],[1.809,0.657],[1.42,1.42],[0,0]],"v":[[11.647,5.823],[-11.647,5.823],[-11.647,3.277],[-10.496,-0.972],[-2.576,-5.948],[-3.221,-3.997],[-2.141,-1.101],[0.418,3.577],[3.073,-1.582],[4.06,-3.962],[4.701,-5.823],[9.179,-3.356],[11.647,1.747]],"c":true}]},{"t":321,"s":[{"i":[[0,0],[0,0],[0,0],[-0.452,1.322],[-2.998,1.239],[0,0],[-0.39,-0.655],[0,0],[0,0],[-0.01,0.831],[0,0],[-1.42,-1.42],[0,-2.008]],"o":[[0,0],[0,0],[0,-1.397],[1.508,-4.409],[0,0],[0.074,0.759],[0,0],[0,0],[0.392,-0.733],[0,0],[1.809,0.657],[1.42,1.42],[0,0]],"v":[[11.647,5.823],[-11.647,5.823],[-11.647,3.277],[-10.996,-0.847],[-4.076,-5.823],[-3.971,-4.747],[-3.266,-2.601],[0.418,3.577],[3.448,-2.082],[4.061,-4.462],[4.076,-5.823],[9.429,-3.606],[11.647,1.747]],"c":true}]}],"ix":2},"nm":"Path 1","mn":"ADBE Vector Shape - Group","hd":false},{"ty":"fl","c":{"a":0,"k":[0.129411771894,0.443137258291,0.709803938866,1],"ix":4},"o":{"a":0,"k":100,"ix":5},"r":1,"bm":0,"nm":"Fill 1","mn":"ADBE Vector Graphic - Fill","hd":false},{"ty":"tr","p":{"a":0,"k":[3070.594,777.909],"ix":2},"a":{"a":0,"k":[0,0],"ix":1},"s":{"a":0,"k":[100,100],"ix":3},"r":{"a":0,"k":0,"ix":6},"o":{"a":0,"k":100,"ix":7},"sk":{"a":0,"k":0,"ix":4},"sa":{"a":0,"k":0,"ix":5},"nm":"Transform"}],"nm":"Group 2","np":2,"cix":2,"bm":0,"ix":2,"mn":"ADBE Vector Group","hd":false}],"ip":0,"op":1800,"st":0,"bm":0},{"ddd":0,"ind":2,"ty":4,"nm":"Layer 4","sr":1,"ks":{"o":{"a":0,"k":100,"ix":11},"r":{"a":0,"k":0,"ix":10},"p":{"a":1,"k":[{"i":{"x":0.328,"y":1},"o":{"x":0.652,"y":0},"t":266,"s":[55.344,39.848,0],"to":[0.271,0,0],"ti":[0,0,0]},{"i":{"x":0.554,"y":0.878},"o":{"x":0.691,"y":0},"t":293,"s":[56.969,39.848,0],"to":[0,0,0],"ti":[0.574,0,0]},{"i":{"x":0.585,"y":1},"o":{"x":0.261,"y":0.239},"t":311,"s":[54.869,39.848,0],"to":[-0.062,0,0],"ti":[0.037,0,0]},{"t":325,"s":[55.344,39.848,0]}],"ix":2,"l":2},"a":{"a":0,"k":[0,0,0],"ix":1,"l":2},"s":{"a":0,"k":[100,100,100],"ix":6,"l":2}},"ao":0,"shapes":[{"ty":"gr","it":[{"ind":0,"ty":"sh","ix":1,"ks":{"a":0,"k":{"i":[[-2.896,0],[0,2.896],[2.896,0],[0,-2.896]],"o":[[2.896,0],[0,-2.896],[-2.896,0],[0,2.896]],"v":[[0,5.245],[5.245,0],[0,-5.245],[-5.245,0]],"c":true},"ix":2},"nm":"Path 1","mn":"ADBE Vector Shape - Group","hd":false},{"ty":"fl","c":{"a":0,"k":[0.129411771894,0.443137258291,0.709803938866,1],"ix":4},"o":{"a":0,"k":100,"ix":5},"r":1,"bm":0,"nm":"Fill 1","mn":"ADBE Vector Graphic - Fill","hd":false},{"ty":"tr","p":{"a":0,"k":[0,0],"ix":2},"a":{"a":0,"k":[0,0],"ix":1},"s":{"a":0,"k":[100,100],"ix":3},"r":{"a":0,"k":0,"ix":6},"o":{"a":0,"k":100,"ix":7},"sk":{"a":0,"k":0,"ix":4},"sa":{"a":0,"k":0,"ix":5},"nm":"Transform"}],"nm":"Group 1","np":2,"cix":2,"bm":0,"ix":1,"mn":"ADBE Vector Group","hd":false}],"ip":0,"op":340,"st":0,"bm":0},{"ddd":0,"ind":3,"ty":4,"nm":"Layer 7","sr":1,"ks":{"o":{"a":0,"k":100,"ix":11},"r":{"a":0,"k":0,"ix":10},"p":{"a":1,"k":[{"i":{"x":0.328,"y":1},"o":{"x":0.652,"y":0},"t":266,"s":[50.307,38.38,0],"to":[0.271,0,0],"ti":[0,0,0]},{"i":{"x":0.554,"y":0.878},"o":{"x":0.691,"y":0},"t":293,"s":[51.932,38.38,0],"to":[0,0,0],"ti":[0.574,0,0]},{"i":{"x":0.585,"y":1},"o":{"x":0.261,"y":0.239},"t":311,"s":[49.832,38.38,0],"to":[-0.062,0,0],"ti":[0.037,0,0]},{"t":325,"s":[50.307,38.38,0]}],"ix":2,"l":2},"a":{"a":0,"k":[3065.557,763.63,0],"ix":1,"l":2},"s":{"a":0,"k":[100,100,100],"ix":6,"l":2}},"ao":0,"shapes":[{"ty":"gr","it":[{"ind":0,"ty":"sh","ix":1,"ks":{"a":0,"k":{"i":[[0,0],[-0.086,-0.421],[-0.18,-0.422],[0.332,-0.374],[0.23,-0.347],[-0.026,-0.179]],"o":[[-0.45,0.435],[0.062,0.303],[0.172,0.403],[-0.275,0.311],[-0.133,0.201],[0,0]],"v":[[0.628,-2.344],[-0.027,-1.034],[0.421,-0.276],[0.386,1.207],[-0.51,1.724],[-0.613,2.344]],"c":false},"ix":2},"nm":"Path 1","mn":"ADBE Vector Shape - Group","hd":false},{"ty":"st","c":{"a":0,"k":[0.129411771894,0.443137258291,0.709803938866,1],"ix":3},"o":{"a":0,"k":100,"ix":4},"w":{"a":0,"k":0.5,"ix":5},"lc":1,"lj":1,"ml":10,"bm":0,"nm":"Stroke 1","mn":"ADBE Vector Graphic - Stroke","hd":false},{"ty":"tr","p":{"a":0,"k":[3064.375,763.374],"ix":2},"a":{"a":0,"k":[0.596,-2.201],"ix":1},"s":{"a":0,"k":[100,100],"ix":3},"r":{"a":1,"k":[{"i":{"x":[0.833],"y":[0.833]},"o":{"x":[0.167],"y":[0.167]},"t":266,"s":[0]},{"i":{"x":[0.833],"y":[0.833]},"o":{"x":[0.167],"y":[0.167]},"t":293,"s":[-22.547]},{"i":{"x":[0.833],"y":[0.833]},"o":{"x":[0.167],"y":[0.167]},"t":318,"s":[14.86]},{"t":328,"s":[0]}],"ix":6},"o":{"a":0,"k":100,"ix":7},"sk":{"a":0,"k":0,"ix":4},"sa":{"a":0,"k":0,"ix":5},"nm":"Transform"}],"nm":"Group 1","np":2,"cix":2,"bm":0,"ix":1,"mn":"ADBE Vector Group","hd":false},{"ty":"gr","it":[{"ind":0,"ty":"sh","ix":1,"ks":{"a":0,"k":{"i":[[0,-1.259],[1.259,0],[0,1.259],[-1.259,0]],"o":[[0,1.259],[-1.259,0],[0,-1.259],[1.259,0]],"v":[[2.279,0],[0,2.279],[-2.279,0],[0,-2.279]],"c":true},"ix":2},"nm":"Path 1","mn":"ADBE Vector Shape - Group","hd":false},{"ty":"fl","c":{"a":0,"k":[0.129411771894,0.443137258291,0.709803938866,1],"ix":4},"o":{"a":0,"k":100,"ix":5},"r":1,"bm":0,"nm":"Fill 1","mn":"ADBE Vector Graphic - Fill","hd":false},{"ty":"tr","p":{"a":0,"k":[3065.682,761.619],"ix":2},"a":{"a":0,"k":[0,0],"ix":1},"s":{"a":0,"k":[100,100],"ix":3},"r":{"a":0,"k":0,"ix":6},"o":{"a":0,"k":100,"ix":7},"sk":{"a":0,"k":0,"ix":4},"sa":{"a":0,"k":0,"ix":5},"nm":"Transform"}],"nm":"Group 2","np":2,"cix":2,"bm":0,"ix":2,"mn":"ADBE Vector Group","hd":false}],"ip":0,"op":340,"st":0,"bm":0},{"ddd":0,"ind":4,"ty":4,"nm":"Layer 9","sr":1,"ks":{"o":{"a":0,"k":100,"ix":11},"r":{"a":0,"k":0,"ix":10},"p":{"a":1,"k":[{"i":{"x":0.328,"y":1},"o":{"x":0.652,"y":0},"t":266,"s":[50.307,38.38,0],"to":[0.271,0,0],"ti":[0,0,0]},{"i":{"x":0.554,"y":0.878},"o":{"x":0.691,"y":0},"t":293,"s":[51.932,38.38,0],"to":[0,0,0],"ti":[0.574,0,0]},{"i":{"x":0.585,"y":1},"o":{"x":0.261,"y":0.239},"t":311,"s":[49.832,38.38,0],"to":[-0.062,0,0],"ti":[0.037,0,0]},{"i":{"x":0.452,"y":1},"o":{"x":0.167,"y":0},"t":325,"s":[50.307,38.38,0],"to":[-0.375,0,0],"ti":[0,0,0]},{"i":{"x":0.562,"y":0.41},"o":{"x":0.554,"y":0},"t":343,"s":[50.307,38.38,0],"to":[0,0,0],"ti":[0,0,0]},{"i":{"x":0.404,"y":1},"o":{"x":0.31,"y":0.441},"t":352.5,"s":[55.378,37.778,0],"to":[0,0,0],"ti":[0,0,0]},{"i":{"x":0.404,"y":0.404},"o":{"x":0.167,"y":0.167},"t":362,"s":[60.15,38.567,0],"to":[0,0,0],"ti":[0,0,0]},{"i":{"x":0.366,"y":1},"o":{"x":0.561,"y":0},"t":381,"s":[60.15,38.567,0],"to":[0,0,0],"ti":[0,0,0]},{"t":422,"s":[62.9,38.567,0]}],"ix":2,"l":2},"a":{"a":0,"k":[3065.557,763.63,0],"ix":1,"l":2},"s":{"a":0,"k":[100,100,100],"ix":6,"l":2}},"ao":0,"shapes":[{"ty":"gr","it":[{"ind":0,"ty":"sh","ix":1,"ks":{"a":0,"k":{"i":[[0,0],[-0.086,-0.421],[-0.18,-0.422],[0.332,-0.374],[0.23,-0.347],[-0.026,-0.179]],"o":[[-0.45,0.435],[0.062,0.303],[0.172,0.403],[-0.275,0.311],[-0.133,0.201],[0,0]],"v":[[0.628,-2.344],[-0.027,-1.034],[0.421,-0.276],[0.386,1.207],[-0.51,1.724],[-0.613,2.344]],"c":false},"ix":2},"nm":"Path 1","mn":"ADBE Vector Shape - Group","hd":false},{"ty":"st","c":{"a":0,"k":[0.129411771894,0.443137258291,0.709803938866,1],"ix":3},"o":{"a":0,"k":100,"ix":4},"w":{"a":0,"k":0.5,"ix":5},"lc":1,"lj":1,"ml":10,"bm":0,"nm":"Stroke 1","mn":"ADBE Vector Graphic - Stroke","hd":false},{"ty":"tr","p":{"a":1,"k":[{"i":{"x":0.698,"y":1},"o":{"x":0.739,"y":0},"t":340,"s":[3064.404,763.23],"to":[0.5,0.024],"ti":[-0.5,-0.024]},{"t":362,"s":[3067.405,763.375]}],"ix":2},"a":{"a":0,"k":[0.624,-2.345],"ix":1},"s":{"a":0,"k":[100,100],"ix":3},"r":{"a":1,"k":[{"i":{"x":[0.667],"y":[1]},"o":{"x":[0.333],"y":[0]},"t":344,"s":[0]},{"i":{"x":[0.667],"y":[1]},"o":{"x":[0.333],"y":[0]},"t":351,"s":[24]},{"i":{"x":[0.667],"y":[1]},"o":{"x":[0.333],"y":[0]},"t":362,"s":[-20]},{"i":{"x":[0.667],"y":[1]},"o":{"x":[0.333],"y":[0]},"t":370,"s":[2]},{"i":{"x":[0.667],"y":[1]},"o":{"x":[0.333],"y":[0]},"t":376,"s":[0]},{"i":{"x":[0.667],"y":[1]},"o":{"x":[0.333],"y":[0]},"t":389,"s":[0]},{"i":{"x":[0.389],"y":[1]},"o":{"x":[0.333],"y":[0]},"t":398,"s":[8]},{"t":419,"s":[-48]}],"ix":6},"o":{"a":0,"k":100,"ix":7},"sk":{"a":0,"k":0,"ix":4},"sa":{"a":0,"k":0,"ix":5},"nm":"Transform"}],"nm":"Group 1","np":2,"cix":2,"bm":0,"ix":1,"mn":"ADBE Vector Group","hd":false},{"ty":"gr","it":[{"ind":0,"ty":"sh","ix":1,"ks":{"a":0,"k":{"i":[[0,-1.259],[1.259,0],[0,1.259],[-1.259,0]],"o":[[0,1.259],[-1.259,0],[0,-1.259],[1.259,0]],"v":[[2.279,0],[0,2.279],[-2.279,0],[0,-2.279]],"c":true},"ix":2},"nm":"Path 1","mn":"ADBE Vector Shape - Group","hd":false},{"ty":"fl","c":{"a":0,"k":[0.129411771894,0.443137258291,0.709803938866,1],"ix":4},"o":{"a":0,"k":100,"ix":5},"r":1,"bm":0,"nm":"Fill 1","mn":"ADBE Vector Graphic - Fill","hd":false},{"ty":"tr","p":{"a":0,"k":[3065.682,761.619],"ix":2},"a":{"a":0,"k":[0,0],"ix":1},"s":{"a":0,"k":[100,100],"ix":3},"r":{"a":0,"k":0,"ix":6},"o":{"a":0,"k":100,"ix":7},"sk":{"a":0,"k":0,"ix":4},"sa":{"a":0,"k":0,"ix":5},"nm":"Transform"}],"nm":"Group 2","np":2,"cix":2,"bm":0,"ix":2,"mn":"ADBE Vector Group","hd":false}],"ip":340,"op":1800,"st":0,"bm":0},{"ddd":0,"ind":5,"ty":4,"nm":"Layer 8","sr":1,"ks":{"o":{"a":0,"k":100,"ix":11},"r":{"a":0,"k":0,"ix":10},"p":{"a":1,"k":[{"i":{"x":0.635,"y":1},"o":{"x":0.441,"y":0},"t":343,"s":[55.344,39.848,0],"to":[0,0,0],"ti":[0,0,0]},{"i":{"x":0.635,"y":1},"o":{"x":0.441,"y":0},"t":352.5,"s":[55.344,40.379,0],"to":[0,0,0],"ti":[0,0,0]},{"i":{"x":0.635,"y":0.635},"o":{"x":0.167,"y":0.167},"t":362,"s":[55.344,39.848,0],"to":[0,0,0],"ti":[0,0,0]},{"i":{"x":0.366,"y":1},"o":{"x":0.561,"y":0},"t":381,"s":[55.344,39.848,0],"to":[0,0,0],"ti":[0,0,0]},{"t":422,"s":[58.094,39.848,0]}],"ix":2,"l":2},"a":{"a":0,"k":[0,0,0],"ix":1,"l":2},"s":{"a":0,"k":[100,100,100],"ix":6,"l":2}},"ao":0,"shapes":[{"ty":"gr","it":[{"ind":0,"ty":"sh","ix":1,"ks":{"a":0,"k":{"i":[[-2.896,0],[0,2.896],[2.896,0],[0,-2.896]],"o":[[2.896,0],[0,-2.896],[-2.896,0],[0,2.896]],"v":[[0,5.245],[5.245,0],[0,-5.245],[-5.245,0]],"c":true},"ix":2},"nm":"Path 1","mn":"ADBE Vector Shape - Group","hd":false},{"ty":"fl","c":{"a":0,"k":[0.129411771894,0.443137258291,0.709803938866,1],"ix":4},"o":{"a":0,"k":100,"ix":5},"r":1,"bm":0,"nm":"Fill 1","mn":"ADBE Vector Graphic - Fill","hd":false},{"ty":"tr","p":{"a":0,"k":[0,0],"ix":2},"a":{"a":0,"k":[0,0],"ix":1},"s":{"a":0,"k":[100,100],"ix":3},"r":{"a":0,"k":0,"ix":6},"o":{"a":0,"k":100,"ix":7},"sk":{"a":0,"k":0,"ix":4},"sa":{"a":0,"k":0,"ix":5},"nm":"Transform"}],"nm":"Group 1","np":2,"cix":2,"bm":0,"ix":1,"mn":"ADBE Vector Group","hd":false}],"ip":340,"op":1800,"st":0,"bm":0}]},{"id":"comp_2","layers":[{"ddd":0,"ind":1,"ty":4,"nm":"Shape Layer 2","sr":1,"ks":{"o":{"a":0,"k":100,"ix":11},"r":{"a":0,"k":0,"ix":10},"p":{"a":1,"k":[{"i":{"x":0.833,"y":1},"o":{"x":0.333,"y":0},"t":434,"s":[33.281,44.594,0],"to":[-0.026,-0.005,0],"ti":[0.573,0.182,0]},{"i":{"x":0.667,"y":1},"o":{"x":0.333,"y":0},"t":480,"s":[33.125,44.562,0],"to":[-0.573,-0.182,0],"ti":[0.547,0.177,0]},{"i":{"x":0.667,"y":0.667},"o":{"x":0.167,"y":0.167},"t":498,"s":[29.844,43.5,0],"to":[0,0,0],"ti":[0,0,0]},{"i":{"x":0.667,"y":1},"o":{"x":0.333,"y":0},"t":510,"s":[29.844,43.5,0],"to":[0.547,0.177,0],"ti":[-0.547,-0.177,0]},{"t":528,"s":[33.125,44.562,0]}],"ix":2,"l":2},"a":{"a":0,"k":[1.812,9.344,0],"ix":1,"l":2},"s":{"a":1,"k":[{"i":{"x":[0.667,0.667,0.667],"y":[1,1,1]},"o":{"x":[0.333,0.333,0.333],"y":[0,0,0]},"t":480,"s":[0,0,100]},{"i":{"x":[0.667,0.667,0.667],"y":[1,1,1]},"o":{"x":[0.333,0.333,0.333],"y":[0,0,0]},"t":489,"s":[119.474,135.556,100]},{"i":{"x":[0.667,0.667,0.667],"y":[1,1,1]},"o":{"x":[0.167,0.167,0.167],"y":[0,0,0]},"t":498,"s":[0,0,100]},{"i":{"x":[0.667,0.667,0.667],"y":[1,1,1]},"o":{"x":[0.333,0.333,0.333],"y":[0,0,0]},"t":510,"s":[0,0,100]},{"i":{"x":[0.667,0.667,0.667],"y":[1,1,1]},"o":{"x":[0.333,0.333,0.333],"y":[0,0,0]},"t":519,"s":[119.474,135.556,100]},{"t":528,"s":[0,0,100]}],"ix":6,"l":2}},"ao":0,"shapes":[{"ty":"gr","it":[{"ind":0,"ty":"sh","ix":1,"ks":{"a":0,"k":{"i":[[0,0],[0,0]],"o":[[0,0],[0,0]],"v":[[0.625,10.188],[3,8.5]],"c":false},"ix":2},"nm":"Path 1","mn":"ADBE Vector Shape - Group","hd":false},{"ty":"st","c":{"a":0,"k":[1,1,1,1],"ix":3},"o":{"a":0,"k":100,"ix":4},"w":{"a":0,"k":0.5,"ix":5},"lc":1,"lj":1,"ml":4,"bm":0,"nm":"Stroke 1","mn":"ADBE Vector Graphic - Stroke","hd":false},{"ty":"tr","p":{"a":0,"k":[0,0],"ix":2},"a":{"a":0,"k":[0,0],"ix":1},"s":{"a":0,"k":[100,100],"ix":3},"r":{"a":0,"k":0,"ix":6},"o":{"a":0,"k":100,"ix":7},"sk":{"a":0,"k":0,"ix":4},"sa":{"a":0,"k":0,"ix":5},"nm":"Transform"}],"nm":"Shape 1","np":3,"cix":2,"bm":0,"ix":1,"mn":"ADBE Vector Group","hd":false}],"ip":0,"op":1800,"st":0,"bm":0},{"ddd":0,"ind":2,"ty":4,"nm":"Shape Layer 1","sr":1,"ks":{"o":{"a":0,"k":100,"ix":11},"r":{"a":0,"k":0,"ix":10},"p":{"a":1,"k":[{"i":{"x":0.833,"y":1},"o":{"x":0.333,"y":0},"t":434,"s":[38.062,44.531,0],"to":[-0.031,0.005,0],"ti":[0.578,0.172,0]},{"i":{"x":0.667,"y":1},"o":{"x":0.333,"y":0},"t":475,"s":[37.875,44.562,0],"to":[-0.578,-0.172,0],"ti":[0.547,0.177,0]},{"i":{"x":0.667,"y":0.667},"o":{"x":0.167,"y":0.167},"t":493,"s":[34.594,43.5,0],"to":[0,0,0],"ti":[0,0,0]},{"i":{"x":0.667,"y":1},"o":{"x":0.333,"y":0},"t":505,"s":[34.594,43.5,0],"to":[0.547,0.177,0],"ti":[-0.547,-0.177,0]},{"t":523,"s":[37.875,44.562,0]}],"ix":2,"l":2},"a":{"a":0,"k":[1.812,9.344,0],"ix":1,"l":2},"s":{"a":1,"k":[{"i":{"x":[0.667,0.667,0.667],"y":[1,1,1]},"o":{"x":[0.333,0.333,0.333],"y":[0,0,0]},"t":475,"s":[0,0,100]},{"i":{"x":[0.667,0.667,0.667],"y":[1,1,1]},"o":{"x":[0.333,0.333,0.333],"y":[0,0,0]},"t":484,"s":[119.474,135.556,100]},{"i":{"x":[0.667,0.667,0.667],"y":[1,1,1]},"o":{"x":[0.167,0.167,0.167],"y":[0,0,0]},"t":493,"s":[0,0,100]},{"i":{"x":[0.667,0.667,0.667],"y":[1,1,1]},"o":{"x":[0.333,0.333,0.333],"y":[0,0,0]},"t":505,"s":[0,0,100]},{"i":{"x":[0.667,0.667,0.667],"y":[1,1,1]},"o":{"x":[0.333,0.333,0.333],"y":[0,0,0]},"t":514,"s":[119.474,135.556,100]},{"t":523,"s":[0,0,100]}],"ix":6,"l":2}},"ao":0,"shapes":[{"ty":"gr","it":[{"ind":0,"ty":"sh","ix":1,"ks":{"a":0,"k":{"i":[[0,0],[0,0]],"o":[[0,0],[0,0]],"v":[[0.625,10.188],[3,8.5]],"c":false},"ix":2},"nm":"Path 1","mn":"ADBE Vector Shape - Group","hd":false},{"ty":"st","c":{"a":0,"k":[1,1,1,1],"ix":3},"o":{"a":0,"k":100,"ix":4},"w":{"a":0,"k":0.5,"ix":5},"lc":1,"lj":1,"ml":4,"bm":0,"nm":"Stroke 1","mn":"ADBE Vector Graphic - Stroke","hd":false},{"ty":"tr","p":{"a":0,"k":[0,0],"ix":2},"a":{"a":0,"k":[0,0],"ix":1},"s":{"a":0,"k":[100,100],"ix":3},"r":{"a":0,"k":0,"ix":6},"o":{"a":0,"k":100,"ix":7},"sk":{"a":0,"k":0,"ix":4},"sa":{"a":0,"k":0,"ix":5},"nm":"Transform"}],"nm":"Shape 1","np":3,"cix":2,"bm":0,"ix":1,"mn":"ADBE Vector Group","hd":false}],"ip":0,"op":1800,"st":0,"bm":0},{"ddd":0,"ind":3,"ty":4,"nm":"Layer 8","sr":1,"ks":{"o":{"a":0,"k":100,"ix":11},"r":{"a":0,"k":0,"ix":10},"p":{"a":0,"k":[34.074,55.866,0],"ix":2,"l":2},"a":{"a":0,"k":[3109.824,777.616,0],"ix":1,"l":2},"s":{"a":0,"k":[100,100,100],"ix":6,"l":2}},"ao":0,"shapes":[{"ty":"gr","it":[{"ind":0,"ty":"sh","ix":1,"ks":{"a":0,"k":{"i":[[0,0],[0,0],[-2.47,2.246],[0,0]],"o":[[0,0],[2.415,2.323],[0,0],[0,0]],"v":[[-6.065,-1.729],[-4.321,-0.051],[4.076,0.081],[6.065,-1.729]],"c":false},"ix":2},"nm":"Path 1","mn":"ADBE Vector Shape - Group","hd":false},{"ty":"st","c":{"a":0,"k":[1,1,1,1],"ix":3},"o":{"a":0,"k":100,"ix":4},"w":{"a":0,"k":0.25,"ix":5},"lc":1,"lj":1,"ml":10,"bm":0,"nm":"Stroke 1","mn":"ADBE Vector Graphic - Stroke","hd":false},{"ty":"tr","p":{"a":0,"k":[3109.823,773.522],"ix":2},"a":{"a":0,"k":[0,0],"ix":1},"s":{"a":0,"k":[100,100],"ix":3},"r":{"a":0,"k":0,"ix":6},"o":{"a":0,"k":100,"ix":7},"sk":{"a":0,"k":0,"ix":4},"sa":{"a":0,"k":0,"ix":5},"nm":"Transform"}],"nm":"Group 1","np":2,"cix":2,"bm":0,"ix":1,"mn":"ADBE Vector Group","hd":false},{"ty":"gr","it":[{"ind":0,"ty":"sh","ix":1,"ks":{"a":0,"k":{"i":[[0,0],[0,0],[0,0],[-1.42,1.42],[-2.008,0],[0,0],[-2.158,2.466],[0,0],[-1.42,-1.42],[0,-2.008]],"o":[[0,0],[0,0],[0,-2.008],[1.42,-1.42],[0,0],[2.158,2.466],[0,0],[2.008,0],[1.42,1.42],[0,0]],"v":[[11.647,5.823],[-11.647,5.823],[-11.647,1.747],[-9.429,-3.606],[-4.076,-5.823],[-4.076,-5.823],[4.076,-5.823],[4.076,-5.823],[9.429,-3.606],[11.647,1.747]],"c":true},"ix":2},"nm":"Path 1","mn":"ADBE Vector Shape - Group","hd":false},{"ty":"fl","c":{"a":0,"k":[0.129411771894,0.443137258291,0.709803938866,1],"ix":4},"o":{"a":0,"k":100,"ix":5},"r":1,"bm":0,"nm":"Fill 1","mn":"ADBE Vector Graphic - Fill","hd":false},{"ty":"tr","p":{"a":0,"k":[3109.824,777.616],"ix":2},"a":{"a":0,"k":[0,0],"ix":1},"s":{"a":0,"k":[100,100],"ix":3},"r":{"a":0,"k":0,"ix":6},"o":{"a":0,"k":100,"ix":7},"sk":{"a":0,"k":0,"ix":4},"sa":{"a":0,"k":0,"ix":5},"nm":"Transform"}],"nm":"Group 2","np":2,"cix":2,"bm":0,"ix":2,"mn":"ADBE Vector Group","hd":false}],"ip":0,"op":1800,"st":0,"bm":0},{"ddd":0,"ind":4,"ty":4,"nm":"glasses","sr":1,"ks":{"o":{"a":0,"k":100,"ix":11},"r":{"a":0,"k":0,"ix":10},"p":{"a":1,"k":[{"i":{"x":0.452,"y":1},"o":{"x":0.651,"y":0},"t":475,"s":[33.944,43.348,0],"to":[0,0.24,0],"ti":[0,-0.24,0]},{"i":{"x":0.527,"y":0.527},"o":{"x":0.374,"y":0.374},"t":493.4,"s":[33.944,44.785,0],"to":[0,0,0],"ti":[0,0,0]},{"i":{"x":0.506,"y":1},"o":{"x":0.405,"y":0},"t":504.85,"s":[33.944,44.785,0],"to":[0,-0.24,0],"ti":[0,0.24,0]},{"t":529,"s":[33.944,43.348,0]}],"ix":2,"l":2},"a":{"a":0,"k":[3109.694,765.098,0],"ix":1,"l":2},"s":{"a":0,"k":[100,100,100],"ix":6,"l":2}},"ao":0,"shapes":[{"ty":"gr","it":[{"ind":0,"ty":"sh","ix":1,"ks":{"a":0,"k":{"i":[[0,0],[0,0]],"o":[[0,0],[0,0]],"v":[[-0.775,0],[0.775,0]],"c":false},"ix":2},"nm":"Path 1","mn":"ADBE Vector Shape - Group","hd":false},{"ty":"st","c":{"a":0,"k":[1,1,1,1],"ix":3},"o":{"a":0,"k":100,"ix":4},"w":{"a":0,"k":0.25,"ix":5},"lc":1,"lj":1,"ml":10,"bm":0,"nm":"Stroke 1","mn":"ADBE Vector Graphic - Stroke","hd":false},{"ty":"fl","c":{"a":0,"k":[0.129411771894,0.443137258291,0.709803938866,1],"ix":4},"o":{"a":0,"k":100,"ix":5},"r":1,"bm":0,"nm":"Fill 1","mn":"ADBE Vector Graphic - Fill","hd":false},{"ty":"tr","p":{"a":0,"k":[3109.694,764.226],"ix":2},"a":{"a":0,"k":[0,0],"ix":1},"s":{"a":0,"k":[100,100],"ix":3},"r":{"a":0,"k":0,"ix":6},"o":{"a":0,"k":100,"ix":7},"sk":{"a":0,"k":0,"ix":4},"sa":{"a":0,"k":0,"ix":5},"nm":"Transform"}],"nm":"Group 1","np":3,"cix":2,"bm":0,"ix":1,"mn":"ADBE Vector Group","hd":false},{"ty":"gr","it":[{"ty":"gr","it":[{"ind":0,"ty":"sh","ix":1,"ks":{"a":0,"k":{"i":[[0,-1.011],[1.011,0],[0,1.011],[-1.011,0]],"o":[[0,1.011],[-1.011,0],[0,-1.011],[1.011,0]],"v":[[1.83,0],[0,1.83],[-1.83,0],[0,-1.83]],"c":true},"ix":2},"nm":"Path 1","mn":"ADBE Vector Shape - Group","hd":false},{"ty":"st","c":{"a":0,"k":[1,1,1,1],"ix":3},"o":{"a":0,"k":100,"ix":4},"w":{"a":0,"k":0.25,"ix":5},"lc":1,"lj":1,"ml":10,"bm":0,"nm":"Stroke 1","mn":"ADBE Vector Graphic - Stroke","hd":false},{"ty":"fl","c":{"a":0,"k":[0.129411771894,0.443137258291,0.709803938866,1],"ix":4},"o":{"a":0,"k":100,"ix":5},"r":1,"bm":0,"nm":"Fill 1","mn":"ADBE Vector Graphic - Fill","hd":false},{"ty":"tr","p":{"a":0,"k":[3112.076,765.098],"ix":2},"a":{"a":0,"k":[0,0],"ix":1},"s":{"a":0,"k":[100,100],"ix":3},"r":{"a":0,"k":0,"ix":6},"o":{"a":0,"k":100,"ix":7},"sk":{"a":0,"k":0,"ix":4},"sa":{"a":0,"k":0,"ix":5},"nm":"Transform"}],"nm":"Group 1","np":3,"cix":2,"bm":0,"ix":1,"mn":"ADBE Vector Group","hd":false},{"ty":"gr","it":[{"ind":0,"ty":"sh","ix":1,"ks":{"a":0,"k":{"i":[[0,-1.011],[1.011,0],[0,1.011],[-1.011,0]],"o":[[0,1.011],[-1.011,0],[0,-1.011],[1.011,0]],"v":[[1.83,0],[0,1.83],[-1.83,0],[0,-1.83]],"c":true},"ix":2},"nm":"Path 1","mn":"ADBE Vector Shape - Group","hd":false},{"ty":"st","c":{"a":0,"k":[1,1,1,1],"ix":3},"o":{"a":0,"k":100,"ix":4},"w":{"a":0,"k":0.25,"ix":5},"lc":1,"lj":1,"ml":10,"bm":0,"nm":"Stroke 1","mn":"ADBE Vector Graphic - Stroke","hd":false},{"ty":"fl","c":{"a":0,"k":[0.129411771894,0.443137258291,0.709803938866,1],"ix":4},"o":{"a":0,"k":100,"ix":5},"r":1,"bm":0,"nm":"Fill 1","mn":"ADBE Vector Graphic - Fill","hd":false},{"ty":"tr","p":{"a":0,"k":[3107.312,765.098],"ix":2},"a":{"a":0,"k":[0,0],"ix":1},"s":{"a":0,"k":[100,100],"ix":3},"r":{"a":0,"k":0,"ix":6},"o":{"a":0,"k":100,"ix":7},"sk":{"a":0,"k":0,"ix":4},"sa":{"a":0,"k":0,"ix":5},"nm":"Transform"}],"nm":"Group 2","np":3,"cix":2,"bm":0,"ix":2,"mn":"ADBE Vector Group","hd":false},{"ty":"tr","p":{"a":0,"k":[3107.312,765.098],"ix":2},"a":{"a":0,"k":[3107.312,765.098],"ix":1},"s":{"a":0,"k":[100,100],"ix":3},"r":{"a":0,"k":0,"ix":6},"o":{"a":0,"k":100,"ix":7},"sk":{"a":0,"k":0,"ix":4},"sa":{"a":0,"k":0,"ix":5},"nm":"Transform"}],"nm":"Group 2","np":2,"cix":2,"bm":0,"ix":2,"mn":"ADBE Vector Group","hd":false}],"ip":0,"op":1800,"st":0,"bm":0},{"ddd":0,"ind":5,"ty":4,"nm":"Layer 4","sr":1,"ks":{"o":{"a":0,"k":100,"ix":11},"r":{"a":0,"k":0,"ix":10},"p":{"a":1,"k":[{"i":{"x":0.667,"y":1},"o":{"x":0.333,"y":0},"t":394,"s":[34.01,42.64,0],"to":[0,0,0],"ti":[0,0,0]},{"i":{"x":0.667,"y":1},"o":{"x":0.333,"y":0},"t":423,"s":[35.385,42.64,0],"to":[0,0,0],"ti":[0,0,0]},{"i":{"x":0.667,"y":1},"o":{"x":0.333,"y":0},"t":454,"s":[33.76,42.64,0],"to":[0,0,0],"ti":[0,0,0]},{"i":{"x":0.558,"y":0.558},"o":{"x":0.167,"y":0.167},"t":464,"s":[34.01,42.64,0],"to":[0,0,0],"ti":[0,0,0]},{"i":{"x":0.465,"y":1},"o":{"x":0.464,"y":0},"t":475,"s":[34.01,42.64,0],"to":[0,0,0],"ti":[0,0,0]},{"i":{"x":0.527,"y":1},"o":{"x":0.374,"y":0},"t":493.4,"s":[34.01,43.015,0],"to":[0,0,0],"ti":[0,0,0]},{"i":{"x":0.513,"y":1},"o":{"x":0.393,"y":0},"t":504.85,"s":[34.01,42.953,0],"to":[0,0,0],"ti":[0,0,0]},{"t":529,"s":[34.01,42.64,0]}],"ix":2,"l":2},"a":{"a":0,"k":[3109.76,764.39,0],"ix":1,"l":2},"s":{"a":0,"k":[100,100,100],"ix":6,"l":2}},"ao":0,"shapes":[{"ty":"gr","it":[{"ind":0,"ty":"sh","ix":1,"ks":{"a":0,"k":{"i":[[-2.052,-0.388],[0.699,3.694],[2.052,0.39],[-0.702,-3.696]],"o":[[3.694,0.699],[-0.388,-2.052],[-3.696,-0.702],[0.39,2.052]],"v":[[-1.025,5.147],[5.147,-1.025],[1.029,-5.147],[-5.147,1.029]],"c":true},"ix":2},"nm":"Path 1","mn":"ADBE Vector Shape - Group","hd":false},{"ty":"fl","c":{"a":0,"k":[0.129411771894,0.443137258291,0.709803938866,1],"ix":4},"o":{"a":0,"k":100,"ix":5},"r":1,"bm":0,"nm":"Fill 1","mn":"ADBE Vector Graphic - Fill","hd":false},{"ty":"tr","p":{"a":0,"k":[3109.823,764.805],"ix":2},"a":{"a":0,"k":[0,0],"ix":1},"s":{"a":0,"k":[100,100],"ix":3},"r":{"a":0,"k":0,"ix":6},"o":{"a":0,"k":100,"ix":7},"sk":{"a":0,"k":0,"ix":4},"sa":{"a":0,"k":0,"ix":5},"nm":"Transform"}],"nm":"Group 1","np":2,"cix":2,"bm":0,"ix":1,"mn":"ADBE Vector Group","hd":false},{"ty":"gr","it":[{"ind":0,"ty":"sh","ix":1,"ks":{"a":0,"k":{"i":[[0,0],[-1.864,0.67],[0,0],[0.544,-3.484]],"o":[[0,0],[1.864,-0.67],[0,0],[-0.544,3.484]],"v":[[-4.261,-0.61],[-3.039,-2.592],[0.66,-2.592],[4.319,1.787]],"c":true},"ix":2},"nm":"Path 1","mn":"ADBE Vector Shape - Group","hd":false},{"ty":"fl","c":{"a":0,"k":[0.129411771894,0.443137258291,0.709803938866,1],"ix":4},"o":{"a":0,"k":100,"ix":5},"r":1,"bm":0,"nm":"Fill 1","mn":"ADBE Vector Graphic - Fill","hd":false},{"ty":"tr","p":{"a":1,"k":[{"i":{"x":0.465,"y":1},"o":{"x":0.631,"y":0},"t":475,"s":[3110.559,761.621],"to":[0,-0.033],"ti":[0,0.033]},{"i":{"x":0.527,"y":0.527},"o":{"x":0.54,"y":0.54},"t":493.4,"s":[3110.559,761.421],"to":[0,0],"ti":[0,0]},{"i":{"x":0.513,"y":1},"o":{"x":0.56,"y":0},"t":504.85,"s":[3110.559,761.421],"to":[0,0.033],"ti":[0,-0.033]},{"t":529,"s":[3110.559,761.621]}],"ix":2},"a":{"a":0,"k":[0,0],"ix":1},"s":{"a":0,"k":[100,100],"ix":3},"r":{"a":0,"k":0,"ix":6},"o":{"a":0,"k":100,"ix":7},"sk":{"a":0,"k":0,"ix":4},"sa":{"a":0,"k":0,"ix":5},"nm":"Transform"}],"nm":"Group 2","np":2,"cix":2,"bm":0,"ix":2,"mn":"ADBE Vector Group","hd":false},{"ty":"gr","it":[{"ind":0,"ty":"sh","ix":1,"ks":{"a":0,"k":{"i":[[0,0],[-1.08,-3.449]],"o":[[0,0],[0,0]],"v":[[0.923,-1.606],[-0.666,1.609]],"c":true},"ix":2},"nm":"Path 1","mn":"ADBE Vector Shape - Group","hd":false},{"ty":"fl","c":{"a":0,"k":[0.129411771894,0.443137258291,0.709803938866,1],"ix":4},"o":{"a":0,"k":100,"ix":5},"r":1,"bm":0,"nm":"Fill 1","mn":"ADBE Vector Graphic - Fill","hd":false},{"ty":"tr","p":{"a":1,"k":[{"i":{"x":0.465,"y":1},"o":{"x":0.631,"y":0},"t":475,"s":[3105.375,762.617],"to":[0,-0.033],"ti":[0,0.033]},{"i":{"x":0.527,"y":0.527},"o":{"x":0.54,"y":0.54},"t":493.4,"s":[3105.375,762.417],"to":[0,0],"ti":[0,0]},{"i":{"x":0.513,"y":1},"o":{"x":0.56,"y":0},"t":504.85,"s":[3105.375,762.417],"to":[0,0.033],"ti":[0,-0.033]},{"t":529,"s":[3105.375,762.617]}],"ix":2},"a":{"a":0,"k":[0,0],"ix":1},"s":{"a":0,"k":[100,100],"ix":3},"r":{"a":0,"k":0,"ix":6},"o":{"a":0,"k":100,"ix":7},"sk":{"a":0,"k":0,"ix":4},"sa":{"a":0,"k":0,"ix":5},"nm":"Transform"}],"nm":"Group 3","np":2,"cix":2,"bm":0,"ix":3,"mn":"ADBE Vector Group","hd":false}],"ip":0,"op":1800,"st":0,"bm":0},{"ddd":0,"ind":6,"ty":4,"nm":"Layer 7","sr":1,"ks":{"o":{"a":0,"k":100,"ix":11},"r":{"a":0,"k":0,"ix":10},"p":{"a":1,"k":[{"i":{"x":0.667,"y":1},"o":{"x":0.333,"y":0},"t":394,"s":[33.984,42.476,0],"to":[0,0,0],"ti":[0,0,0]},{"i":{"x":0.667,"y":1},"o":{"x":0.333,"y":0},"t":423,"s":[35.359,42.476,0],"to":[0,0,0],"ti":[0,0,0]},{"i":{"x":0.667,"y":1},"o":{"x":0.333,"y":0},"t":454,"s":[33.797,42.476,0],"to":[0,0,0],"ti":[0,0,0]},{"t":464,"s":[33.984,42.476,0]}],"ix":2,"l":2},"a":{"a":0,"k":[3109.734,764.226,0],"ix":1,"l":2},"s":{"a":0,"k":[100,100,100],"ix":6,"l":2}},"ao":0,"shapes":[{"ty":"gr","it":[{"ind":0,"ty":"sh","ix":1,"ks":{"a":0,"k":{"i":[[0,0],[0,0]],"o":[[0,0],[0,0]],"v":[[-0.775,0],[0.775,0]],"c":false},"ix":2},"nm":"Path 1","mn":"ADBE Vector Shape - Group","hd":false},{"ty":"st","c":{"a":0,"k":[1,1,1,1],"ix":3},"o":{"a":0,"k":100,"ix":4},"w":{"a":0,"k":0.25,"ix":5},"lc":1,"lj":1,"ml":10,"bm":0,"nm":"Stroke 1","mn":"ADBE Vector Graphic - Stroke","hd":false},{"ty":"fl","c":{"a":0,"k":[0.129411771894,0.443137258291,0.709803938866,1],"ix":4},"o":{"a":0,"k":100,"ix":5},"r":1,"bm":0,"nm":"Fill 1","mn":"ADBE Vector Graphic - Fill","hd":false},{"ty":"tr","p":{"a":0,"k":[3114.425,764.226],"ix":2},"a":{"a":0,"k":[0,0],"ix":1},"s":{"a":0,"k":[100,100],"ix":3},"r":{"a":0,"k":0,"ix":6},"o":{"a":0,"k":100,"ix":7},"sk":{"a":0,"k":0,"ix":4},"sa":{"a":0,"k":0,"ix":5},"nm":"Transform"}],"nm":"Group 1","np":3,"cix":2,"bm":0,"ix":1,"mn":"ADBE Vector Group","hd":false},{"ty":"gr","it":[{"ind":0,"ty":"sh","ix":1,"ks":{"a":0,"k":{"i":[[0,0],[0,0]],"o":[[0,0],[0,0]],"v":[[-0.775,0],[0.775,0]],"c":false},"ix":2},"nm":"Path 1","mn":"ADBE Vector Shape - Group","hd":false},{"ty":"st","c":{"a":0,"k":[1,1,1,1],"ix":3},"o":{"a":0,"k":100,"ix":4},"w":{"a":0,"k":0.25,"ix":5},"lc":1,"lj":1,"ml":10,"bm":0,"nm":"Stroke 1","mn":"ADBE Vector Graphic - Stroke","hd":false},{"ty":"fl","c":{"a":0,"k":[0.129411771894,0.443137258291,0.709803938866,1],"ix":4},"o":{"a":0,"k":100,"ix":5},"r":1,"bm":0,"nm":"Fill 1","mn":"ADBE Vector Graphic - Fill","hd":false},{"ty":"tr","p":{"a":0,"k":[3105.044,764.226],"ix":2},"a":{"a":0,"k":[0,0],"ix":1},"s":{"a":0,"k":[100,100],"ix":3},"r":{"a":0,"k":0,"ix":6},"o":{"a":0,"k":100,"ix":7},"sk":{"a":0,"k":0,"ix":4},"sa":{"a":0,"k":0,"ix":5},"nm":"Transform"}],"nm":"Group 2","np":3,"cix":2,"bm":0,"ix":2,"mn":"ADBE Vector Group","hd":false}],"ip":0,"op":1800,"st":0,"bm":0}]}],"fonts":{"list":[{"fName":"OpenSans-Bold","fFamily":"Open Sans","fStyle":"Bold","ascent":75.9994506835938}]},"layers":[{"ddd":0,"ind":1,"ty":4,"nm":"Shape Layer 1","sr":1,"ks":{"o":{"a":0,"k":100,"ix":11},"r":{"a":0,"k":0,"ix":10},"p":{"a":0,"k":[28.258,33.102,0],"ix":2,"l":2},"a":{"a":0,"k":[-6.562,-0.5,0],"ix":1,"l":2},"s":{"a":0,"k":[132.513,132.513,100],"ix":6,"l":2}},"ao":0,"shapes":[{"ty":"gr","it":[{"ind":0,"ty":"sh","ix":1,"ks":{"a":0,"k":{"i":[[0,0],[0,0],[0,0]],"o":[[0,0],[0,0],[0,0]],"v":[[-9.185,-0.355],[-7.375,1.5],[-3.625,-2.5]],"c":false},"ix":2},"nm":"Path 1","mn":"ADBE Vector Shape - Group","hd":false},{"ty":"st","c":{"a":0,"k":[0.129411764706,0.443137284821,0.709803921569,1],"ix":3},"o":{"a":0,"k":100,"ix":4},"w":{"a":0,"k":1.3,"ix":5},"lc":2,"lj":1,"ml":4,"bm":0,"nm":"Stroke 1","mn":"ADBE Vector Graphic - Stroke","hd":false},{"ty":"tr","p":{"a":0,"k":[0,0],"ix":2},"a":{"a":0,"k":[0,0],"ix":1},"s":{"a":0,"k":[100,100],"ix":3},"r":{"a":0,"k":0,"ix":6},"o":{"a":0,"k":100,"ix":7},"sk":{"a":0,"k":0,"ix":4},"sa":{"a":0,"k":0,"ix":5},"nm":"Transform"}],"nm":"Shape 1","np":3,"cix":2,"bm":0,"ix":1,"mn":"ADBE Vector Group","hd":false},{"ty":"tm","s":{"a":0,"k":0,"ix":1},"e":{"a":1,"k":[{"i":{"x":[0.196],"y":[1]},"o":{"x":[0.333],"y":[0]},"t":124,"s":[0]},{"t":148,"s":[100]}],"ix":2},"o":{"a":0,"k":0,"ix":3},"m":1,"ix":2,"nm":"Trim Paths 1","mn":"ADBE Vector Filter - Trim","hd":false}],"ip":-443,"op":1357,"st":-443,"bm":0},{"ddd":0,"ind":2,"ty":3,"nm":"Null 2","sr":1,"ks":{"o":{"a":1,"k":[{"i":{"x":[0.667],"y":[1]},"o":{"x":[0.333],"y":[0]},"t":0,"s":[0]},{"t":21,"s":[100]}],"ix":11},"r":{"a":1,"k":[{"i":{"x":[0.667],"y":[1]},"o":{"x":[0.833],"y":[0]},"t":0,"s":[3]},{"i":{"x":[0.218],"y":[1]},"o":{"x":[0.333],"y":[0]},"t":21,"s":[-2]},{"t":42,"s":[0]}],"ix":10},"p":{"a":0,"k":[29.125,35,0],"ix":2,"l":2},"a":{"a":0,"k":[50,50,0],"ix":1,"l":2},"s":{"a":1,"k":[{"i":{"x":[0.667,0.667,0.667],"y":[0.775,0.775,-0.26]},"o":{"x":[0.602,0.602,0.333],"y":[0,0,0]},"t":0,"s":[34,34,100]},{"i":{"x":[0.294,0.294,0.667],"y":[1,1,1]},"o":{"x":[0.333,0.333,0.333],"y":[-2.701,-2.701,1.26]},"t":21,"s":[46,46,100]},{"t":42,"s":[45,45,100]}],"ix":6,"l":2}},"ao":0,"ip":0,"op":1800,"st":0,"bm":0},{"ddd":0,"ind":3,"ty":3,"nm":"Null 4","parent":2,"sr":1,"ks":{"o":{"a":1,"k":[{"i":{"x":[0.667],"y":[1]},"o":{"x":[0.333],"y":[0]},"t":0,"s":[0]},{"t":21,"s":[100]}],"ix":11},"r":{"a":0,"k":0,"ix":10},"p":{"a":1,"k":[{"i":{"x":0.077,"y":1},"o":{"x":0.46,"y":0},"t":14,"s":[51.593,13.654,0],"to":[4.844,-1.819,0],"ti":[-4.844,1.819,0]},{"t":47,"s":[80.657,2.743,0]}],"ix":2,"l":2},"a":{"a":0,"k":[50,50,0],"ix":1,"l":2},"s":{"a":1,"k":[{"i":{"x":[0.077,0.077,0.667],"y":[1,1,1]},"o":{"x":[0.46,0.46,0.333],"y":[0,0,0]},"t":14,"s":[19.906,19.906,100]},{"t":47,"s":[33.824,33.824,100]}],"ix":6,"l":2}},"ao":0,"ip":0,"op":1800,"st":0,"bm":0},{"ddd":0,"ind":4,"ty":5,"nm":"*****","parent":3,"sr":1,"ks":{"o":{"a":1,"k":[{"i":{"x":[0.667],"y":[1]},"o":{"x":[0.333],"y":[0]},"t":0,"s":[0]},{"t":21,"s":[100]}],"ix":11},"r":{"a":0,"k":0,"ix":10},"p":{"a":0,"k":[35.009,83.947,0],"ix":2,"l":2},"a":{"a":0,"k":[15.992,-5.743,0],"ix":1,"l":2},"s":{"a":0,"k":[657.005,657.005,100],"ix":6,"l":2}},"ao":0,"t":{"d":{"k":[{"s":{"s":10.9212598800659,"f":"OpenSans-Bold","t":"*****","j":0,"tr":51,"lh":13.1055118560791,"ls":0,"fc":[0.129,0.443,0.71]},"t":0}]},"p":{},"m":{"g":1,"a":{"a":0,"k":[0,0],"ix":2}},"a":[{"nm":"Animator 1","s":{"t":0,"xe":{"k":0},"ne":{"k":0},"a":{"k":100},"b":1,"sh":0,"s":{"k":0},"e":{"k":100},"o":{"k":0}},"a":{}},{"nm":"Animator 2","s":{"t":0,"xe":{"a":0,"k":0,"ix":7},"ne":{"a":0,"k":0,"ix":8},"a":{"a":0,"k":100,"ix":4},"b":1,"rn":0,"sh":1,"s":{"a":1,"k":[{"i":{"x":[0.833],"y":[0.833]},"o":{"x":[0.167],"y":[0.167]},"t":31,"s":[0]},{"t":54,"s":[100]}],"ix":1},"r":1},"a":{"o":{"a":0,"k":0,"ix":9}}}]},"ip":0,"op":1800,"st":0,"bm":0},{"ddd":0,"ind":5,"ty":4,"nm":"Layer 5","parent":3,"sr":1,"ks":{"o":{"a":1,"k":[{"i":{"x":[0.667],"y":[1]},"o":{"x":[0.333],"y":[0]},"t":0,"s":[0]},{"t":21,"s":[100]}],"ix":11},"r":{"a":0,"k":0,"ix":10},"p":{"a":0,"k":[32.926,82.788,0],"ix":2,"l":2},"a":{"a":0,"k":[0,0,0],"ix":1,"l":2},"s":{"a":0,"k":[657.005,657.005,100],"ix":6,"l":2}},"ao":0,"shapes":[{"ty":"gr","it":[{"ind":0,"ty":"sh","ix":1,"ks":{"a":0,"k":{"i":[[1.049,0],[0,0],[0,1.049],[0,0],[-1.049,0],[0,0],[0,-1.049],[0,0]],"o":[[0,0],[-1.049,0],[0,0],[0,-1.049],[0,0],[1.049,0],[0,0],[0,1.049]],"v":[[19.391,5.92],[-19.391,5.92],[-21.291,4.021],[-21.291,-4.021],[-19.391,-5.92],[19.391,-5.92],[21.291,-4.021],[21.291,4.021]],"c":true},"ix":2},"nm":"Path 1","mn":"ADBE Vector Shape - Group","hd":false},{"ty":"st","c":{"a":0,"k":[0.129411771894,0.443137258291,0.709803938866,1],"ix":3},"o":{"a":0,"k":100,"ix":4},"w":{"a":0,"k":2,"ix":5},"lc":1,"lj":1,"ml":10,"bm":0,"nm":"Stroke 1","mn":"ADBE Vector Graphic - Stroke","hd":false},{"ty":"fl","c":{"a":0,"k":[1,1,1,1],"ix":4},"o":{"a":0,"k":100,"ix":5},"r":1,"bm":0,"nm":"Fill 1","mn":"ADBE Vector Graphic - Fill","hd":false},{"ty":"tr","p":{"a":0,"k":[0,0],"ix":2},"a":{"a":0,"k":[0,0],"ix":1},"s":{"a":0,"k":[100,100],"ix":3},"r":{"a":0,"k":0,"ix":6},"o":{"a":0,"k":100,"ix":7},"sk":{"a":0,"k":0,"ix":4},"sa":{"a":0,"k":0,"ix":5},"nm":"Transform"}],"nm":"Group 1","np":3,"cix":2,"bm":0,"ix":1,"mn":"ADBE Vector Group","hd":false}],"ip":0,"op":1800,"st":0,"bm":0},{"ddd":0,"ind":6,"ty":4,"nm":"Layer 3","parent":2,"sr":1,"ks":{"o":{"a":1,"k":[{"i":{"x":[0.667],"y":[1]},"o":{"x":[0.333],"y":[0]},"t":0,"s":[0]},{"t":21,"s":[100]}],"ix":11},"r":{"a":0,"k":0,"ix":10},"p":{"a":0,"k":[47.955,49.84,0],"ix":2,"l":2},"a":{"a":0,"k":[2977.205,752.178,0],"ix":1,"l":2},"s":{"a":0,"k":[222.222,222.222,100],"ix":6,"l":2}},"ao":0,"shapes":[{"ty":"gr","it":[{"ind":0,"ty":"sh","ix":1,"ks":{"a":0,"k":{"i":[[0.73,0],[0,0],[0,0.73],[0,0],[0,0],[0,0]],"o":[[0,0],[-0.73,0],[0,0],[0,0],[0,0],[0,0.73]],"v":[[4.874,1.672],[-4.874,1.672],[-6.197,0.35],[-6.197,-1.672],[6.197,-1.672],[6.197,0.35]],"c":true},"ix":2},"nm":"Path 1","mn":"ADBE Vector Shape - Group","hd":false},{"ty":"fl","c":{"a":0,"k":[0.129411771894,0.443137258291,0.709803938866,1],"ix":4},"o":{"a":0,"k":100,"ix":5},"r":1,"bm":0,"nm":"Fill 1","mn":"ADBE Vector Graphic - Fill","hd":false},{"ty":"tr","p":{"a":0,"k":[2976.896,722.937],"ix":2},"a":{"a":0,"k":[0,0],"ix":1},"s":{"a":0,"k":[100,100],"ix":3},"r":{"a":0,"k":0,"ix":6},"o":{"a":0,"k":100,"ix":7},"sk":{"a":0,"k":0,"ix":4},"sa":{"a":0,"k":0,"ix":5},"nm":"Transform"}],"nm":"Group 1","np":2,"cix":2,"bm":0,"ix":1,"mn":"ADBE Vector Group","hd":false},{"ty":"gr","it":[{"ind":0,"ty":"sh","ix":1,"ks":{"a":0,"k":{"i":[[1.732,0],[0,0],[0,1.732],[0,0],[-1.732,0],[0,0],[0,-1.732],[0,0]],"o":[[0,0],[-1.732,0],[0,0],[0,-1.732],[0,0],[1.732,0],[0,0],[0,1.732]],"v":[[14.165,30.913],[-14.165,30.913],[-17.302,27.777],[-17.302,-27.777],[-14.165,-30.913],[14.165,-30.913],[17.302,-27.777],[17.302,27.777]],"c":true},"ix":2},"nm":"Path 1","mn":"ADBE Vector Shape - Group","hd":false},{"ty":"st","c":{"a":0,"k":[0.129411771894,0.443137258291,0.709803938866,1],"ix":3},"o":{"a":0,"k":100,"ix":4},"w":{"a":0,"k":2,"ix":5},"lc":1,"lj":1,"ml":10,"bm":0,"nm":"Stroke 1","mn":"ADBE Vector Graphic - Stroke","hd":false},{"ty":"tr","p":{"a":0,"k":[2977.205,752.178],"ix":2},"a":{"a":0,"k":[0,0],"ix":1},"s":{"a":0,"k":[100,100],"ix":3},"r":{"a":0,"k":0,"ix":6},"o":{"a":0,"k":100,"ix":7},"sk":{"a":0,"k":0,"ix":4},"sa":{"a":0,"k":0,"ix":5},"nm":"Transform"}],"nm":"Group 2","np":2,"cix":2,"bm":0,"ix":2,"mn":"ADBE Vector Group","hd":false}],"ip":0,"op":1800,"st":0,"bm":0},{"ddd":0,"ind":7,"ty":4,"nm":"person 1","parent":2,"sr":1,"ks":{"o":{"a":1,"k":[{"i":{"x":[0.667],"y":[1]},"o":{"x":[0.333],"y":[0]},"t":0,"s":[0]},{"t":21,"s":[100]}],"ix":11},"r":{"a":0,"k":0,"ix":10},"p":{"a":1,"k":[{"i":{"x":0.667,"y":1},"o":{"x":0.949,"y":0},"t":146,"s":[47.817,90.207,0],"to":[-15,0,0],"ti":[15,0,0]},{"t":190.001953125,"s":[-42.183,90.207,0]}],"ix":2,"l":2},"a":{"a":0,"k":[2977.143,770.343,0],"ix":1,"l":2},"s":{"a":0,"k":[222.222,222.222,100],"ix":6,"l":2}},"ao":0,"hasMask":true,"masksProperties":[{"inv":false,"mode":"a","pt":{"a":1,"k":[{"i":{"x":0.833,"y":0.833},"o":{"x":0.853,"y":0},"t":146,"s":[{"i":[[0,0],[0,0],[0,0],[0,0]],"o":[[0,0],[0,0],[0,0],[0,0]],"v":[[2994.376,747.25],[2961,747.25],[2961,786.882],[2994.376,786.882]],"c":true}]},{"i":{"x":0.833,"y":0.833},"o":{"x":0.167,"y":0.167},"t":167,"s":[{"i":[[0,0],[0,0],[0,0],[0,0]],"o":[[0,0],[0,0],[0,0],[0,0]],"v":[[3000.987,747.25],[2965.807,747.25],[2965.807,786.882],[3000.987,786.882]],"c":true}]},{"i":{"x":0.833,"y":0.833},"o":{"x":0.167,"y":0.167},"t":169,"s":[{"i":[[0,0],[0,0],[0,0],[0,0]],"o":[[0,0],[0,0],[0,0],[0,0]],"v":[[3004.691,747.25],[2966.659,747.25],[2966.659,786.882],[3004.691,786.882]],"c":true}]},{"i":{"x":0.833,"y":0.833},"o":{"x":0.167,"y":0.167},"t":171,"s":[{"i":[[0,0],[0,0],[0,0],[0,0]],"o":[[0,0],[0,0],[0,0],[0,0]],"v":[[3008.395,747.25],[2968.601,747.25],[2968.601,786.882],[3008.395,786.882]],"c":true}]},{"i":{"x":0.833,"y":0.833},"o":{"x":0.167,"y":0.167},"t":174,"s":[{"i":[[0,0],[0,0],[0,0],[0,0]],"o":[[0,0],[0,0],[0,0],[0,0]],"v":[[3013.951,747.25],[2972.595,747.25],[2972.595,786.882],[3013.951,786.882]],"c":true}]},{"i":{"x":0.833,"y":0.833},"o":{"x":0.167,"y":0.167},"t":176,"s":[{"i":[[0,0],[0,0],[0,0],[0,0]],"o":[[0,0],[0,0],[0,0],[0,0]],"v":[[3017.655,747.25],[2975.254,747.25],[2975.254,786.882],[3017.655,786.882]],"c":true}]},{"i":{"x":0.833,"y":0.833},"o":{"x":0.167,"y":0.167},"t":178,"s":[{"i":[[0,0],[0,0],[0,0],[0,0]],"o":[[0,0],[0,0],[0,0],[0,0]],"v":[[3021.359,747.25],[2979.972,747.25],[2979.972,786.882],[3021.359,786.882]],"c":true}]},{"i":{"x":0.833,"y":0.833},"o":{"x":0.167,"y":0.167},"t":180,"s":[{"i":[[0,0],[0,0],[0,0],[0,0]],"o":[[0,0],[0,0],[0,0],[0,0]],"v":[[3025.063,747.25],[2985.839,747.25],[2985.839,786.882],[3025.063,786.882]],"c":true}]},{"i":{"x":0.833,"y":0.833},"o":{"x":0.167,"y":0.167},"t":181,"s":[{"i":[[0,0],[0,0],[0,0],[0,0]],"o":[[0,0],[0,0],[0,0],[0,0]],"v":[[3026.244,747.25],[2988.856,747.25],[2988.856,786.882],[3026.244,786.882]],"c":true}]},{"i":{"x":0.667,"y":1},"o":{"x":0.167,"y":0.167},"t":184,"s":[{"i":[[0,0],[0,0],[0,0],[0,0]],"o":[[0,0],[0,0],[0,0],[0,0]],"v":[[3029.963,747.25],[2996.451,747.25],[2996.451,786.882],[3029.963,786.882]],"c":true}]},{"t":190.001953125,"s":[{"i":[[0,0],[0,0],[0,0],[0,0]],"o":[[0,0],[0,0],[0,0],[0,0]],"v":[[3034.876,747.25],[3001.5,747.25],[3001.5,786.882],[3034.876,786.882]],"c":true}]}],"ix":1},"o":{"a":0,"k":100,"ix":3},"x":{"a":0,"k":0,"ix":4},"nm":"Mask 1"}],"shapes":[{"ty":"gr","it":[{"ind":0,"ty":"sh","ix":1,"ks":{"a":1,"k":[{"i":{"x":0.356,"y":1},"o":{"x":0.654,"y":0},"t":55,"s":[{"i":[[0,0],[0,0],[0,0],[-1.42,1.42],[-2.008,0],[0,0],[0,0],[-1.42,-1.42],[0,-2.008]],"o":[[0,0],[0,0],[0,-2.008],[1.42,-1.42],[0,0],[0,0],[2.008,0],[1.42,1.42],[0,0]],"v":[[11.647,5.823],[-11.647,5.823],[-11.647,1.747],[-9.429,-3.606],[-4.076,-5.823],[0,-1.165],[4.076,-5.823],[9.429,-3.606],[11.647,1.747]],"c":true}]},{"i":{"x":0.501,"y":1},"o":{"x":0.333,"y":0},"t":75,"s":[{"i":[[0,0],[0,0],[0,0],[-1.42,1.42],[-1.941,1.364],[0,0],[0,0],[-1.42,-1.42],[0,-2.008]],"o":[[0,0],[0,0],[0,-2.008],[1.42,-1.42],[0,0],[0,0],[2.008,0],[1.42,1.42],[0,0]],"v":[[11.647,5.823],[-11.647,5.823],[-11.647,1.747],[-9.429,-3.606],[-5.826,-6.073],[0,-1.165],[2.701,-6.323],[8.554,-3.731],[11.647,1.747]],"c":true}]},{"i":{"x":0.667,"y":1},"o":{"x":0.641,"y":0},"t":87,"s":[{"i":[[0,0],[0,0],[0,0],[-1.42,1.42],[-1.941,1.364],[0,0],[0,0],[-1.42,-1.42],[0,-2.008]],"o":[[0,0],[0,0],[0,-2.008],[1.42,-1.42],[0,0],[0,0],[2.008,0],[1.42,1.42],[0,0]],"v":[[11.647,5.823],[-11.647,5.823],[-11.647,1.747],[-9.429,-3.606],[-5.826,-6.073],[0,-1.165],[2.701,-6.323],[8.554,-3.731],[11.647,1.747]],"c":true}]},{"i":{"x":0.667,"y":1},"o":{"x":0.333,"y":0},"t":109,"s":[{"i":[[0,0],[0,0],[0,0],[-1.42,1.42],[-2.008,0],[0,0],[0,0],[-1.42,-1.42],[0,-2.008]],"o":[[0,0],[0,0],[0.379,-2.644],[1.42,-1.42],[0,0],[0,0],[2.008,0],[1.42,1.42],[0,0]],"v":[[11.647,5.823],[-11.647,5.823],[-11.209,1.997],[-8.679,-4.106],[-3.201,-6.323],[0,-1.165],[4.576,-5.823],[9.179,-3.481],[11.397,1.872]],"c":true}]},{"i":{"x":0.667,"y":1},"o":{"x":0.333,"y":0},"t":129,"s":[{"i":[[0,0],[0,0],[0,0],[-1.42,1.42],[-2.008,0],[0,0],[0,0],[-1.42,-1.42],[0,-2.008]],"o":[[0,0],[0,0],[0.379,-2.644],[1.42,-1.42],[0,0],[0,0],[2.008,0],[1.42,1.42],[0,0]],"v":[[11.647,5.823],[-11.647,5.823],[-11.209,1.997],[-8.679,-4.106],[-3.201,-6.323],[0,-1.165],[4.576,-5.823],[9.179,-3.481],[11.397,1.872]],"c":true}]},{"i":{"x":0.667,"y":1},"o":{"x":0.444,"y":0},"t":146,"s":[{"i":[[0,0],[0,0],[0,0],[-1.42,1.42],[-2.008,0],[0,0],[0,0],[-1.42,-1.42],[0,-2.008]],"o":[[0,0],[0,0],[0,-2.008],[1.42,-1.42],[0,0],[0,0],[2.008,0],[1.42,1.42],[0,0]],"v":[[11.647,5.823],[-11.647,5.823],[-11.647,1.747],[-9.429,-3.606],[-4.076,-5.823],[0,-1.165],[4.076,-5.823],[9.429,-3.606],[11.647,1.747]],"c":true}]},{"t":167,"s":[{"i":[[0,0],[0,0],[0,0],[-1.42,1.42],[-2.008,0],[0,0],[0,0],[-1.42,-1.42],[0,-2.008]],"o":[[0,0],[0,0],[0.504,-2.207],[1.42,-1.42],[0,0],[0,0],[2.008,0],[1.42,1.42],[0,0]],"v":[[11.647,5.823],[-11.647,5.823],[-11.647,1.747],[-8.679,-4.106],[-3.201,-6.323],[0,-1.165],[4.576,-5.823],[9.179,-3.481],[11.397,1.872]],"c":true}]}],"ix":2},"nm":"Path 1","mn":"ADBE Vector Shape - Group","hd":false},{"ty":"fl","c":{"a":0,"k":[0.129411771894,0.443137258291,0.709803938866,1],"ix":4},"o":{"a":0,"k":100,"ix":5},"r":1,"bm":0,"nm":"Fill 1","mn":"ADBE Vector Graphic - Fill","hd":false},{"ty":"tr","p":{"a":0,"k":[2977.143,776.46],"ix":2},"a":{"a":0,"k":[0,0],"ix":1},"s":{"a":0,"k":[100,100],"ix":3},"r":{"a":0,"k":0,"ix":6},"o":{"a":0,"k":100,"ix":7},"sk":{"a":0,"k":0,"ix":4},"sa":{"a":0,"k":0,"ix":5},"nm":"Transform"}],"nm":"Group 1","np":2,"cix":2,"bm":0,"ix":1,"mn":"ADBE Vector Group","hd":false},{"ty":"gr","it":[{"ind":0,"ty":"sh","ix":1,"ks":{"a":0,"k":{"i":[[-2.896,0],[0,2.896],[2.896,0],[0,-2.896]],"o":[[2.896,0],[0,-2.896],[-2.896,0],[0,2.896]],"v":[[0,5.245],[5.245,0],[0,-5.245],[-5.245,0]],"c":true},"ix":2},"nm":"Path 1","mn":"ADBE Vector Shape - Group","hd":false},{"ty":"fl","c":{"a":0,"k":[0.129411771894,0.443137258291,0.709803938866,1],"ix":4},"o":{"a":0,"k":100,"ix":5},"r":1,"bm":0,"nm":"Fill 1","mn":"ADBE Vector Graphic - Fill","hd":false},{"ty":"tr","p":{"a":1,"k":[{"i":{"x":0.356,"y":1},"o":{"x":0.654,"y":0},"t":55,"s":[2977.142,763.648],"to":[-0.317,0],"ti":[0.317,0]},{"i":{"x":0.501,"y":0.501},"o":{"x":0.333,"y":0.333},"t":75,"s":[2975.242,763.648],"to":[0,0],"ti":[0,0]},{"i":{"x":0.422,"y":1},"o":{"x":0.641,"y":0},"t":87,"s":[2975.242,763.648],"to":[0.567,0],"ti":[-0.567,0]},{"i":{"x":0.667,"y":0.667},"o":{"x":0.333,"y":0.333},"t":109,"s":[2978.642,763.648],"to":[0,0],"ti":[0,0]},{"i":{"x":0.667,"y":1},"o":{"x":0.333,"y":0},"t":129,"s":[2978.642,763.648],"to":[-0.25,0],"ti":[-0.01,0]},{"i":{"x":0.667,"y":1},"o":{"x":0.586,"y":0},"t":146,"s":[2977.142,763.648],"to":[0.01,0],"ti":[-0.26,0]},{"t":167,"s":[2978.704,763.648]}],"ix":2},"a":{"a":0,"k":[0,0],"ix":1},"s":{"a":0,"k":[100,100],"ix":3},"r":{"a":0,"k":0,"ix":6},"o":{"a":0,"k":100,"ix":7},"sk":{"a":0,"k":0,"ix":4},"sa":{"a":0,"k":0,"ix":5},"nm":"Transform"}],"nm":"Group 2","np":2,"cix":2,"bm":0,"ix":2,"mn":"ADBE Vector Group","hd":false}],"ip":0,"op":1808,"st":8,"bm":0},{"ddd":0,"ind":8,"ty":0,"nm":"Person 2","refId":"comp_0","sr":1,"ks":{"o":{"a":0,"k":100,"ix":11},"r":{"a":0,"k":0,"ix":10},"p":{"a":1,"k":[{"i":{"x":0.582,"y":1},"o":{"x":0.813,"y":0},"t":258,"s":[35,35,0],"to":[-7.667,0,0],"ti":[7.667,0,0]},{"t":303,"s":[-11,35,0]}],"ix":2,"l":2},"a":{"a":0,"k":[35,35,0],"ix":1,"l":2},"s":{"a":0,"k":[100,100,100],"ix":6,"l":2}},"ao":0,"hasMask":true,"masksProperties":[{"inv":false,"mode":"a","pt":{"a":1,"k":[{"i":{"x":0.529,"y":1},"o":{"x":0.167,"y":0.167},"t":167,"s":[{"i":[[0,0],[0,0],[0,0],[0,0]],"o":[[0,0],[0,0],[0,0],[0,0]],"v":[[11.5,-1],[45.75,-1],[45.75,65.312],[11.5,65.312]],"c":true}]},{"i":{"x":0.571,"y":1},"o":{"x":0.835,"y":0},"t":258,"s":[{"i":[[0,0],[0,0],[0,0],[0,0]],"o":[[0,0],[0,0],[0,0],[0,0]],"v":[[11.5,-1.25],[45.75,-1.25],[45.75,65.25],[11.5,65.25]],"c":true}]},{"t":303,"s":[{"i":[[0,0],[0,0],[0,0],[0,0]],"o":[[0,0],[0,0],[0,0],[0,0]],"v":[[57.25,-1.438],[91.5,-1.438],[91.5,65.062],[57.25,65.062]],"c":true}]}],"ix":1},"o":{"a":0,"k":100,"ix":3},"x":{"a":0,"k":0,"ix":4},"nm":"Mask 1"}],"ef":[{"ty":34,"nm":"Puppet","np":6,"mn":"ADBE FreePin3","ix":1,"en":1,"ef":[{"ty":7,"nm":"Puppet Engine","mn":"ADBE FreePin3 Puppet Engine","ix":1,"v":{"a":0,"k":2,"ix":1}},{"ty":0,"nm":"Mesh Rotation Refinement","mn":"ADBE FreePin3 Auto Rotate Pins","ix":2,"v":{"a":0,"k":20,"ix":2}},{"ty":7,"nm":"On Transparent","mn":"ADBE FreePin3 On Transparent","ix":3,"v":{"a":0,"k":0,"ix":3}},{"ty":60,"nm":"arap","np":3,"mn":"ADBE FreePin3 ARAP Group","ix":4,"en":1,"ef":[{"ty":6,"nm":"Auto-traced Shapes","mn":"ADBE FreePin3 Outlines","ix":1,"v":0},{"ty":1,"nm":"Mesh","np":2,"mn":"ADBE FreePin3 Mesh Group","ix":2,"en":1,"ef":[{"nm":"Mesh 1","np":8,"mn":"ADBE FreePin3 Mesh Atom","ix":1,"en":1,"ef":[{"ty":6,"nm":"Mesh","mn":"ADBE FreePin3 Mesh","ix":1,"v":0},{"ty":0,"nm":"Triangles","mn":"ADBE FreePin3 Mesh Tri Count","ix":2,"v":{"a":0,"k":50,"ix":2}},{"ty":0,"nm":"Density","mn":"ADBE FreePin3 Mesh Tri Density","ix":3,"v":{"a":0,"k":10,"ix":3}},{"ty":0,"nm":"Expansion","mn":"ADBE FreePin3 Mesh Expansion","ix":4,"v":{"a":0,"k":3,"ix":4}},{"nm":"Deform","np":4,"mn":"ADBE FreePin3 PosPins","ix":5,"en":1,"ef":[{"nm":"Puppet Pin 3","np":7,"mn":"ADBE FreePin3 PosPin Atom","ix":1,"en":1,"ef":[{"ty":3,"nm":"Vertex Offset","mn":"ADBE FreePin3 PosPin Vtx Offset","ix":1,"v":{"a":0,"k":[0,0],"ix":1}},{"ty":0,"nm":"Vertex Index","mn":"ADBE FreePin3 PosPin Vtx Index","ix":2,"v":{"a":0,"k":4,"ix":2}},{"ty":7,"nm":"Pin Type","mn":"ADBE FreePin3 PosPin Type","ix":3,"v":{"a":0,"k":1,"ix":3}},{"ty":3,"nm":"Position","mn":"ADBE FreePin3 PosPin Position","ix":4,"v":{"a":1,"k":[{"i":{"x":0.833,"y":0},"o":{"x":0.167,"y":0},"t":0,"s":[38.125,64.5],"to":[0,0],"ti":[0,0]},{"t":null,"s":[38.125,64.5]}],"ix":4}},{"ty":0,"nm":"Scale","mn":"ADBE FreePin3 PosPin Scale","ix":5,"v":{"a":0,"k":100,"ix":5}},{"ty":0,"nm":"Rotation","mn":"ADBE FreePin3 PosPin Rotation","ix":6,"v":{"a":0,"k":0,"ix":6}}]},{"nm":"Puppet Pin 2","np":7,"mn":"ADBE FreePin3 PosPin Atom","ix":2,"en":1,"ef":[{"ty":3,"nm":"Vertex Offset","mn":"ADBE FreePin3 PosPin Vtx Offset","ix":1,"v":{"a":0,"k":[0,0],"ix":1}},{"ty":0,"nm":"Vertex Index","mn":"ADBE FreePin3 PosPin Vtx Index","ix":2,"v":{"a":0,"k":5,"ix":2}},{"ty":7,"nm":"Pin Type","mn":"ADBE FreePin3 PosPin Type","ix":3,"v":{"a":0,"k":1,"ix":3}},{"ty":3,"nm":"Position","mn":"ADBE FreePin3 PosPin Position","ix":4,"v":{"a":1,"k":[{"i":{"x":0.833,"y":0},"o":{"x":0.167,"y":0},"t":0,"s":[19.5,64.875],"to":[0,0],"ti":[0,0]},{"t":null,"s":[19.5,64.875]}],"ix":4}},{"ty":0,"nm":"Scale","mn":"ADBE FreePin3 PosPin Scale","ix":5,"v":{"a":0,"k":100,"ix":5}},{"ty":0,"nm":"Rotation","mn":"ADBE FreePin3 PosPin Rotation","ix":6,"v":{"a":0,"k":0,"ix":6}}]},{"nm":"Puppet Pin 1","np":7,"mn":"ADBE FreePin3 PosPin Atom","ix":3,"en":1,"ef":[{"ty":3,"nm":"Vertex Offset","mn":"ADBE FreePin3 PosPin Vtx Offset","ix":1,"v":{"a":0,"k":[0,0],"ix":1}},{"ty":0,"nm":"Vertex Index","mn":"ADBE FreePin3 PosPin Vtx Index","ix":2,"v":{"a":0,"k":6,"ix":2}},{"ty":7,"nm":"Pin Type","mn":"ADBE FreePin3 PosPin Type","ix":3,"v":{"a":0,"k":1,"ix":3}},{"ty":3,"nm":"Position","mn":"ADBE FreePin3 PosPin Position","ix":4,"v":{"a":1,"k":[{"i":{"x":0,"y":0},"o":{"x":0,"y":0},"t":0,"s":[28.875,46.625],"to":[-0.188,-0.042],"ti":[0,0]},{"i":{"x":0,"y":0},"o":{"x":0,"y":0},"t":0,"s":[27.75,46.375],"to":[0,0],"ti":[0,0]},{"i":{"x":0,"y":0},"o":{"x":0,"y":0},"t":0,"s":[28.295,46.236],"to":[0,0],"ti":[-0.103,-0.023]},{"i":{"x":0.833,"y":0},"o":{"x":0.601,"y":0},"t":0,"s":[28.875,46.625],"to":[0,0],"ti":[0,0]},{"i":{"x":1,"y":0},"o":{"x":0.389,"y":0},"t":0,"s":[28.875,46.625],"to":[0,0],"ti":[0,0]},{"i":{"x":0,"y":0},"o":{"x":0,"y":0},"t":0,"s":[28.875,46.625],"to":[0.5,-0.01],"ti":[-0.5,0.01]},{"t":null,"s":[31.875,46.562]}],"ix":4}},{"ty":0,"nm":"Scale","mn":"ADBE FreePin3 PosPin Scale","ix":5,"v":{"a":0,"k":100,"ix":5}},{"ty":0,"nm":"Rotation","mn":"ADBE FreePin3 PosPin Rotation","ix":6,"v":{"a":0,"k":0,"ix":6}}]}]},{"nm":"Overlap","np":1,"mn":"ADBE FreePin3 HghtPins","ix":6,"en":1,"ef":[]},{"nm":"Stiffness","np":1,"mn":"ADBE FreePin3 StarchPins","ix":7,"en":1,"ef":[]}]}]}]}]}],"w":70,"h":70,"ip":8,"op":1808,"st":8,"bm":0},{"ddd":0,"ind":9,"ty":0,"nm":"person 3","refId":"comp_1","sr":1,"ks":{"o":{"a":0,"k":100,"ix":11},"r":{"a":0,"k":0,"ix":10},"p":{"a":1,"k":[{"i":{"x":0.344,"y":1},"o":{"x":0.653,"y":0},"t":268,"s":[45.125,42.062,0],"to":[-6.208,0,0],"ti":[6.208,0,0]},{"i":{"x":0.344,"y":0.344},"o":{"x":0.167,"y":0.167},"t":328,"s":[7.875,42.062,0],"to":[0,0,0],"ti":[0,0,0]},{"i":{"x":0.583,"y":1},"o":{"x":0.809,"y":0},"t":389,"s":[7.875,42.062,0],"to":[-7.667,0,0],"ti":[7.667,0,0]},{"t":436,"s":[-38.125,42.062,0]}],"ix":2,"l":2},"a":{"a":0,"k":[35,35,0],"ix":1,"l":2},"s":{"a":0,"k":[100,100,100],"ix":6,"l":2}},"ao":0,"hasMask":true,"masksProperties":[{"inv":false,"mode":"a","pt":{"a":1,"k":[{"i":{"x":0.344,"y":1},"o":{"x":0.642,"y":0},"t":268,"s":[{"i":[[0,0],[0,0],[0,0],[0,0]],"o":[[0,0],[0,0],[0,0],[0,0]],"v":[[34.999,28.812],[1.375,28.812],[1.375,58.352],[34.999,58.352]],"c":true}]},{"i":{"x":0.344,"y":1},"o":{"x":0.333,"y":0},"t":328,"s":[{"i":[[0,0],[0,0],[0,0],[0,0]],"o":[[0,0],[0,0],[0,0],[0,0]],"v":[[72.124,28.812],[38.5,28.812],[38.5,58.352],[72.124,58.352]],"c":true}]},{"i":{"x":0.597,"y":1},"o":{"x":0.802,"y":0},"t":389,"s":[{"i":[[0,0],[0,0],[0,0],[0,0]],"o":[[0,0],[0,0],[0,0],[0,0]],"v":[[72.124,28.812],[38.5,28.812],[38.5,58.352],[72.124,58.352]],"c":true}]},{"t":436,"s":[{"i":[[0,0],[0,0],[0,0],[0,0]],"o":[[0,0],[0,0],[0,0],[0,0]],"v":[[118.374,28.812],[84.75,28.812],[84.75,58.352],[118.374,58.352]],"c":true}]}],"ix":1},"o":{"a":0,"k":100,"ix":3},"x":{"a":0,"k":0,"ix":4},"nm":"Mask 1"}],"ef":[{"ty":34,"nm":"Puppet","np":6,"mn":"ADBE FreePin3","ix":1,"en":1,"ef":[{"ty":7,"nm":"Puppet Engine","mn":"ADBE FreePin3 Puppet Engine","ix":1,"v":{"a":0,"k":2,"ix":1}},{"ty":0,"nm":"Mesh Rotation Refinement","mn":"ADBE FreePin3 Auto Rotate Pins","ix":2,"v":{"a":0,"k":20,"ix":2}},{"ty":7,"nm":"On Transparent","mn":"ADBE FreePin3 On Transparent","ix":3,"v":{"a":0,"k":0,"ix":3}},{"ty":60,"nm":"arap","np":3,"mn":"ADBE FreePin3 ARAP Group","ix":4,"en":1,"ef":[{"ty":6,"nm":"Auto-traced Shapes","mn":"ADBE FreePin3 Outlines","ix":1,"v":0},{"ty":1,"nm":"Mesh","np":1,"mn":"ADBE FreePin3 Mesh Group","ix":2,"en":1,"ef":[]}]}]}],"w":70,"h":70,"ip":8,"op":1808,"st":8,"bm":0},{"ddd":0,"ind":10,"ty":0,"nm":"person 4","refId":"comp_2","sr":1,"ks":{"o":{"a":0,"k":100,"ix":11},"r":{"a":0,"k":0,"ix":10},"p":{"a":1,"k":[{"i":{"x":0.215,"y":1},"o":{"x":0.537,"y":0},"t":402,"s":[64.75,39.125,0],"to":[-5.958,0,0],"ti":[5.958,0,0]},{"t":457,"s":[29,39.125,0]}],"ix":2,"l":2},"a":{"a":0,"k":[35,35,0],"ix":1,"l":2},"s":{"a":0,"k":[100,100,100],"ix":6,"l":2}},"ao":0,"hasMask":true,"masksProperties":[{"inv":false,"mode":"a","pt":{"a":1,"k":[{"i":{"x":0.231,"y":1},"o":{"x":0.514,"y":0},"t":402,"s":[{"i":[[0,0],[0,0],[0,0],[0,0]],"o":[[0,0],[0,0],[0,0],[0,0]],"v":[[15.713,28.75],[-18.25,28.75],[-18.25,61.25],[15.713,61.25]],"c":true}]},{"t":457,"s":[{"i":[[0,0],[0,0],[0,0],[0,0]],"o":[[0,0],[0,0],[0,0],[0,0]],"v":[[51.338,28.75],[17.375,28.75],[17.375,61.25],[51.338,61.25]],"c":true}]}],"ix":1},"o":{"a":0,"k":100,"ix":3},"x":{"a":0,"k":0,"ix":4},"nm":"Mask 1"}],"w":70,"h":70,"ip":8,"op":1808,"st":8,"bm":0}],"markers":[],"chars":[{"ch":"*","size":10.9212598800659,"style":"Bold","w":54.49,"data":{"shapes":[{"ty":"gr","it":[{"ind":0,"ty":"sh","ix":1,"ks":{"a":0,"k":{"i":[[0,0],[0,0],[0,0],[0,0],[0,0],[0,0],[0,0],[0,0],[0,0],[0,0],[0,0],[0,0],[0,0],[0,0],[0,0]],"o":[[0,0],[0,0],[0,0],[0,0],[0,0],[0,0],[0,0],[0,0],[0,0],[0,0],[0,0],[0,0],[0,0],[0,0],[0,0]],"v":[[20.801,-75.977],[22.803,-58.008],[4.98,-63.086],[3.076,-50.879],[19.58,-49.609],[8.789,-35.107],[20.312,-29.297],[27.002,-44.482],[34.619,-29.199],[45.703,-35.107],[34.814,-49.609],[51.416,-50.781],[49.805,-63.086],[31.592,-58.008],[33.594,-75.977]],"c":true},"ix":2},"nm":"*","mn":"ADBE Vector Shape - Group","hd":false}],"nm":"*","np":3,"cix":2,"bm":0,"ix":1,"mn":"ADBE Vector Group","hd":false}]},"fFamily":"Open Sans"}]}